https://click.simba.taobao.com/cc_im?priceTId=214782e017200105498205591e032b&utparam=%7B%22aplus_abtest%22%3A%229b59f3d8e057927d129867bdc8f16bd5%22%7D&p=%D0%A1%BB%C6%C8%CB%CD%E6%C5%BC&s=87335134&k=1517&e=90BfjMyYIAUt9ioletdpP7GdvSUZ9a%2FhLfdHztChS%2Fzyr62T9GkBvMH68X44c5uptmSDWTKIGC8HMV1L6BO%2BwAXcPSjf%2Fqo0DfEX1EG9E0gEsK0OYt7UZ9hl3Wo%2BFbZ9qX8%2FsrGpe9AXACKAXNnanKIyToiqyn1KBinPwHmpIDa2jZKxPaNDcM9hPRaZ1VUbr1IuvyOIaXl%2Bk5r0qxLqoSvPSATfOp3e%2BmplEN2Y32zBjQqkDI1bmt%2BqYS2Xxb3CBkGP8U336nzESibzHZ5kxo1THvTbAvFwzrBdyVFUt43wHyQw2hFLl%2FmV%2F9QuFk3t6wRQqG0%2FrhC%2BfO3E9WkR7ZNNYyUrBwRbEBiMtP%2FUcf2HJrvQxcih5Mx9JTBizJBMBYkRPAzl6YOK16NNziW7BhrekerEl5DmVWgWxCxUYE0Rte%2FfR3JncMXnP0hyDDvgORzfFM3TlVlnuN6zlV45SvO39y8jTLufDDl%2FAAUJDKiZhTCEdOnRcZslLp3UgbQ0mmuLxHDNuYJIjzCxoyML2epWPxR30Fm1zgieUqGGfZyzcj4Jhjjr%2FWO1C5l5e97mx5Ohej1NA12gKUbLVI7Vj8tvXCHlo52v0YJEElLCoCnBIJ5GsiCJL6Y4pFDwECSC%2Bv7TlSLK1tm0Nqaty6uF69gLQsWQjDtAG2YYhY3EZVE5c7aL0%2FcxXv3VlB94tqLBlCMTBhjxL4BPC5nM30HSXKZuAQzYYm%2BKSsd3bwAvCjicz93Y2PPT7l%2Bh8O3JsKLWL1r5FU7XyFUBBEjrp12jDiuiOYnOlx7DU%2BYWLSLh%2FRrQSMhpdjpObSq0hKnYAIgXn%2BslDnJ9AZBlF1e0L2lS5jcKsx%2FPKac4P9sMcGF3nzp9tiqX333NZl0KpxdiMBD1R03dJSPJ0j5ocVmNP3tPDl%2BiBTM97aiH3PumLYMYSnIM2M7gmWmBs4SZ4TJm%2BPgYSM7t1EPveO7sgq4TL3wikfZUIUWtSIISvWMmogszWu%2BTTWMlKwcEW9JoWtueK1%2Bqwm8ozG37RA%2FMfSUwYsyQTMbwrMRSibG8IiRhyHjoZa6NNXoI4tSn8yBuvkKmI3QhuWKG3PW7e4fwioT9VXC%2F5acTFYoudv1bmA%2FhSq45NHXGL4IoDT6bZ1G%2F6kZrDaNSZbzF3NLWwwXWxf%2FSof9HNmbxh4dMXIIEVzzGfrO2Dffbk0aOpS6gwlj%2BYNWY0bhy%2BZX%2F1C4WTe2zIJmDPdoDPIQPH5FRYyVZda32%2BayAmSoLWfbv0LSjvfZPisnkBCHhXJnr%2FjR7rKN%2F6hn3tCer1bAChOp7RIOBUCHUphd4yDy4aL6MM%2BaulRHzj%2F5%2BK7CTd1iVMoe8HcCq1oXGF%2F0dfOQ0wkjdfl87M%2B%2BRsLj2EE3a0anYUDksXR316I3ctxJrmyUundSBtDQHZ9%2F8yW630ypqeTxGmb%2FuV4GrFti%2FJtuPvqL2Qqa4Zf7wqPIdeozkgV%2F%2B9eCXxqrD%2Fko9GR5u3UoZfM3fZmeGlb2tg389GYw%3D,299,,小黄人手办桌面车载摆件全套神偷奶爸公仔模型模型玩具生日礼物,鼎乐玩具旗舰店,浙江 杭州
//item.taobao.com/item.htm?priceTId=214782e017200105498205591e032b&utparam=%7B%22aplus_abtest%22%3A%223947220f7142dc141e9d53b9a93cfdaf%22%7D&id=778363731618&ns=1&abbucket=3#detail,36,,小黄人玩偶神偷奶爸抱睡公仔儿童卡通毛绒玩具抱枕生日礼物女娃娃,叮当猫の百宝袋,河北 保定
//detail.tmall.com/item.htm?priceTId=214782e017200105498205591e032b&utparam=%7B%22aplus_abtest%22%3A%226cc468abb245ac00a2fd753ea595ec40%22%7D&id=740870035692&ns=1&abbucket=3,159,,环球影业小黄人形影不离毛绒公仔生日礼物小黄人中国行周边玩偶,环球影业旗舰店,浙江 金华
//item.taobao.com/item.htm?priceTId=214782e017200105498205591e032b&utparam=%7B%22aplus_abtest%22%3A%22f0917ea608bf34c01df11509555d5529%22%7D&id=785409427274&ns=1&abbucket=3#detail,139,,环球影城代购小黄人正版鲍勃凯文毛绒公仔玩偶玩具纪念品手办周边,追风环球代购,北京
https://click.simba.taobao.com/cc_im?priceTId=214782e017200105498205591e032b&utparam=%7B%22aplus_abtest%22%3A%22d00b55b930bfd91a1b998efe034077bc%22%7D&p=%D0%A1%BB%C6%C8%CB%CD%E6%C5%BC&s=87335134&k=1569&e=Z8fQe22n4Sst9ioletdpP7GdvSUZ9a%2FhLfdHztChS%2Fzyr62T9GkBvMH68X44c5uptmSDWTKIGC8VemH3gnFLUKqZvxcgsCJupJDK2fwR8N0EsK0OYt7UZ9hl3Wo%2BFbZ9qX8%2FsrGpe9AXACKAXNnanKIyToiqyn1KBinPwHmpIDa2jZKxPaNDcM9hPRaZ1VUbr1IuvyOIaXl%2Bk5r0qxLqoSvPSATfOp3e%2BmplEN2Y32zBjQqkDI1bmt%2BqYS2Xxb3CBkGP8U336nzESibzHZ5kxrjkZTHpZDWwCScNUUl0TcUqL0vsfbEjuRg0PEU0Hjf%2FzrBdyVFUt43EORn84s8TebQuNrPo1kkhRTUhvZCmgi7IAtX3wb8TcPrZq2mdUULj06AvtqUkg%2FDL0iZIG9rBFnrEy8aNzKisbO398JMQtauK9PS7hCATc9E37gReJwBhu6YfCiJyLeMHrik2ITEsUJdzAQOwJaxLCkrYebNH9ftjD0uOWpo%2F%2Fl5CpPH%2B%2BSGyUOuLomaPxYwyYIQDtiXcdXVmSP9%2F90gFyzI78VNc8CTXePGB7UidPTuG%2BSYJ0syntw2lNKL0Yg0Fg%2F0URxOncaybGT1asdld2vpwO4cVwIC%2FTmThFbWazDCvb%2F1foenZXVBB2ZkFVl0bmKni1Yqaffq%2BDhnJA%2BZcDLPcFZ4PaHorAiXWkQLqaZs7WJ4fp0D8yBIGjB0HsiLz5%2B%2F2CJSpgXVuHNRCpnyxdrMqgvEhplEdKCT3YydowmOwVStASloT9gNo9ExMOatmmgUMbkmWoeQCgDaf8b0ca8p5U2HDPCIk6uGiYuo%2BNlyCUXGKrDE9iqFsICXVDkfFbkrO4duCd2Wf0j4b14l08CSreBuLEVtcKp2C6SHBfzOxtSXvrHNv1SEprWV0rpCr51qevWlW4FMfgSQRKpUQQf6OkGJ3N4JdCqcXYjAQ9UdN3SUjydI%2BaHFZjT97Tw7dRxZVfz8m9tz7pi2DGEpyDNjO4JlpgbOEmeEyZvj4GEjO7dRD73ju7IKuEy98IpEluVwVMhoUUcAxXpVImZxPBuks8KyqeruW%2BETGe9WLSu6r98R5Mc7Xk8fQRHYh0VqztuA7sJ3mZTCKFqXvjot3U8a64TwbXoADqamKyFNlNDD0w%2BZOhlVkCIZA8n17V7npQe26IjCmihsEKXVwMJNhRuWVyFcejU5ezk82eYS1pv7dqhoDAJUDLKwmq807RAHNNwwDL1NDmJudSAIcXXZIrFYt4xept5rDUD3AcJelQ%2FnALjSbUVjr8tq310kUCkbPYUizzucWtvhgMKfP5BpDIG6%2BQqYjdCFHf6zJeYPyGWg0sjSchpQkknbbxqwjN%2B26SLKknVTgMdYUm6x7qiKK%2BoD4m23u7R55%2BC4H3e0fy49BG%2FDrHnUZIfLhNEG2Q2jDlXJ1wzFsKoD8rKFUaFG6KDLAkNBhJGJiQy1JlTs7WkU1Ib2QpoIuuMk0h60%2B9EXInbtZ3ZC%2BUk8TN9O4oJqJuCZDfq4IKSVMY2dSbMmfxUCktHnCeFYxHEvcJZnOOdyR0Ud4clGgSAr5jFclvq6j,90,,环球影业小黄人agnes艾格尼丝otto奥豆毛绒冰箱贴磁吸设计动漫,环球影业旗舰店,浙江 金华
//item.taobao.com/item.htm?priceTId=214782e017200105498205591e032b&utparam=%7B%22aplus_abtest%22%3A%22a253d0f0a11376f82a93f0d540a88a92%22%7D&id=689995762871&ns=1&abbucket=3#detail,29,,小黄人玩偶毛绒bob超大公仔鲍勃挂件环球影城正版抱枕可爱玩具,萌新精品玩偶店,河北 保定
//item.taobao.com/item.htm?priceTId=214782e017200105498205591e032b&utparam=%7B%22aplus_abtest%22%3A%225127d91f3782f0bcff17f50acb2f6dd5%22%7D&id=744828885121&ns=1&abbucket=3#detail,129,,北京环球影城代购小黄人正版鲍勃tim熊猫奥豆毛绒公仔玩偶纪念品,追风环球代购,北京
//detail.tmall.com/item.htm?priceTId=214782e017200105498205591e032b&utparam=%7B%22aplus_abtest%22%3A%22c7b75d1925ea8100f4fc62bae3260bca%22%7D&id=39641174177&ns=1&abbucket=3,29,,正版神偷奶爸小黄人公仔儿童毛绒玩具抱枕女孩萌玩偶娃娃生日礼物,迪卡梦玩具专营店,江苏 扬州
https://click.simba.taobao.com/cc_im?priceTId=214782e017200105498205591e032b&utparam=%7B%22aplus_abtest%22%3A%22c3c90a0c5f86a83bd5079087c71f09e6%22%7D&p=%D0%A1%BB%C6%C8%CB%CD%E6%C5%BC&s=87335134&k=1517&e=TkJYPOQkybct9ioletdpP7GdvSUZ9a%2FhLfdHztChS%2Fzyr62T9GkBvMH68X44c5uptmSDWTKIGC8o%2FA%2BQBfLbgOpFVLafosxJe5Z4B7FIM78EsK0OYt7UZ9hl3Wo%2BFbZ9qX8%2FsrGpe9AXACKAXNnanKIyToiqyn1KBinPwHmpIDa2jZKxPaNDcM9hPRaZ1VUbr1IuvyOIaXl%2Bk5r0qxLqoSvPSATfOp3e%2BmplEN2Y32zBjQqkDI1bmt%2BqYS2Xxb3CBkGP8U336nzESibzHZ5kxhmTvB9WoscdUtvVIRQZUZVYaF3hIh61JTHxVwRgnVorK8Q96bpnhIboyJVF3gF6b0Lp3Lv5CRPiDlQlz%2BIvwa2eRJFO89YDKGkkg6s%2BeSiZB%2BAeuGN91D1rl4mZ%2BmyC2R%2BcGS9dNFu%2BK2bOdhfUf4mJVgUcsLf8HjMMto87tGegqS9aTqZlQ8ZeQqTx%2FvkhslDri6Jmj8WMMmCEA7Yl3HV1Zkj%2Ff%2FdIBdocngAe0AfON7skHFw0aaXG2vwr1fDp81ctWYF%2Bj0fuG19X876qThMcMlSECATgZfYDqn2NHxQzwnXUgUWi%2B%2BUYAOqKUaVLyVgOuEMUBVE5A54DEf4eOVGGCbLRv2AFLX2Oo4prw%2FDg4JqiPFbIZh0Pjzamu594Qp0h7f626S82sbRZIfuCUIHHUmLP9t0V1pZ11iDgAE4TBI1INVORZCHOBGIjGob6wMDvVPQ0Ox9vkR2nOIUX4ZmHJfCTJMph7T74fIKD8BsU5fJl%2BE3fv%2BK%2BxzUtFO41rstudFrpJT9PK0axFf6u0BEloA4JveyQqifVCRLHnrJAA7l%2BOxQ8hKZk3PrT2Hg9VRty33mfut0wh1IknCPYQPrlXaX3a1OYYEEu4SDgZ0HZzxr6ZlYF%2F9eHc1bDUYd8KQbzgR3T%2BPrD6tKKhpeYvKU57wmZHUIhg1tv6tljykwi1hG%2BYSufZed55r1rS1dfhE9Rsi8q7%2B26RpnOc3ekQlq%2Fn58cENw0uCnXHWnzHZFaUD7UnW0s44xC%2FGaMEcLi%2Fh6TuEl6wKF7P3MK%2Bn4xGqgIe43O6ojBxCBuvkKmI3QhuWKG3PW7e4e%2Fn58cENw0uGE3IxWiV3wlrKQMGxh8TdJ7Hlvrg3yat1G%2F6kZrDaNSZbzF3NLWwwXWxf%2FSof9HNuNiKd0xdSfdVzzGfrO2Dffbk0aOpS6gwoBBJiVWUAClD482prufeEJZI%2BsV9COQNYQPH5FRYyVZda32%2BayAmSoLWfbv0LSjvfZPisnkBCHhXJnr%2FjR7rKPE0GD0V9DYjrAChOp7RIOBUCHUphd4yDx8Lp7b92vmbjKCWFWalk7xd1iVMoe8HcCq1oXGF%2F0dfOQ0wkjdfl87M%2B%2BRsLj2EE2T%2FFeTpZc8FAsBpfWmzkdL9QPTfol7kG3jvLeOND36G%2FLwLT8xP51C80bpTQLZHO9C%2FGaMEcLi%2ForC%2F%2Fx0jhBEgV%2F%2B9eCXxqrD%2Fko9GR5u3UoZfM3fZmeGlb2tg389GYw%3D,48,,正版神偷奶爸小黄人汽车摆件公仔玩具创意中控台装饰车载卡通男士,思菲尔旗舰店,浙江 杭州
//detail.tmall.com/item.htm?priceTId=214782e017200105498205591e032b&utparam=%7B%22aplus_abtest%22%3A%2299b5bf7062204a10317e1a4c25e97059%22%7D&id=671402496358&ns=1&abbucket=3,139,,环球影业小黄人静态公仔手办系列卡通可爱办公室摆件家居饰品玩偶,环球影业旗舰店,浙江 金华
//item.taobao.com/item.htm?priceTId=214782e017200105498205591e032b&utparam=%7B%22aplus_abtest%22%3A%226d5ba07fb6bb42ea3795bc856ed48830%22%7D&id=807766293704&ns=1&abbucket=3#detail,49,,MINISO名创优品花花小黄人BOB TIM萌趣可爱亲肤柔软变装毛绒公仔,津津乐道天空,湖北 武汉
//item.taobao.com/item.htm?priceTId=214782e017200105498205591e032b&utparam=%7B%22aplus_abtest%22%3A%225dc848d0366cf530a5e8ee1e1fc21360%22%7D&id=694237172855&ns=1&abbucket=3#detail,29,,正版小黄人神偷奶爸手办精致潮玩送礼生日礼物可爱玩偶礼盒装摆件,Und正版潮玩店,广东 中山
//detail.tmall.com/item.htm?priceTId=214782e017200105498205591e032b&utparam=%7B%22aplus_abtest%22%3A%2202026d52674141e155e595ab2c2ad157%22%7D&id=807407391141&ns=1&abbucket=3,69,,小黄人玩偶毛绒bob超大公仔鲍勃挂件环球影城正版抱枕可爱玩具,联梦禾旗舰店,江苏 苏州
https://click.simba.taobao.com/cc_im?priceTId=214782e017200105498205591e032b&utparam=%7B%22aplus_abtest%22%3A%225649b6563753c930ffda5db3c99d67be%22%7D&p=%D0%A1%BB%C6%C8%CB%CD%E6%C5%BC&s=87335134&k=1529&e=BKJJ5adpYxgt9ioletdpP7GdvSUZ9a%2FhLfdHztChS%2Fzyr62T9GkBvMH68X44c5uptmSDWTKIGC%2BjGKFQ5jShAww1qBa2KP5XLcm5x%2FW1DUsEsK0OYt7UZ9hl3Wo%2BFbZ9qX8%2FsrGpe9AXACKAXNnanKIyToiqyn1KBinPwHmpIDa2jZKxPaNDcM9hPRaZ1VUbr1IuvyOIaXl%2Bk5r0qxLqoSvPSATfOp3e%2BmplEN2Y32zBjQqkDI1bmt%2BqYS2Xxb3CBkGP8U336nzESibzHZ5kxjwujEaL%2F1qUyzuvdsa5zZy9iPKSQmrLEGST6aDzFOqtS2cdyr9ybQvFQhq35%2FsrzUyAb9peDwNMkAhqbbBB70Fb2vHOcENyM2Jqh8EvSJX1UAv9gVlosH7OcKh1y%2BQww0kdR6%2F6ah7MAgA9LVtXxXfa454mQzFZ9FoYVB%2Fds9y%2BUanOhIYNGEaEkC42ppP51GLa%2Ftfe8CF83PCUIjSNUo%2FUj3oM7FUJO6KISEDrCQhUR4njBfFLgvdsJuWGh2oZuOYyoLbXr5jiwbrMsG8ATsAyl1icmRTHWiDoRNEqB4Td5tN%2BYB3dHlnqDEWpkcYVJPLstM0lwXj2t12E5qTYTiAVmRKUwi0W3FfX6sC15k3P5MjfzP00%2FSiA%2FKyhVGhRuiT%2Bui1e0yXbiB2691MHK6eyIHxz6li3lBFBWZ24w4eHXiAjInhLc7sKy0Y62kIWQRifLYGNXyH7kAhqbbBB70GUu3xc5Rg27UgdnrjAtHkZkaAjyv6JZcgOF%2FFvVebH5oIozj5KOM0LrnYbwNx%2BmKHetSB4SJoAqRXEbI4%2F%2BNoTu9cVrhe5fZP2BnQ5Dl6B3n7gmIcCak6cAOiQF%2FV5mLRAM1WyxMwm1Q%2BO53Zwg6HajRqBulSUJhx0wF2jazpqEi1pEAoP%2Fck%2BUhr7VsSWUkDp7bNSO540QeMoiIZwwTgbtOGENsCeSuJexzwuXW3bl96X1vKmvRTWGTe6WY0DA%2F8LVu04yQM1Urm%2B8IcTzS%2BOaKrFqJ9aD6PNguFJRXJ4uxp3WzGJzuMN3qvqTMEwepzPPm6bZ0eYMqa%2Bjg8fj5h6C7fwCLvviAyfUasPq4%2Bb4mFRrkHQ3PyBIgaGMlvlJaZ6nUNfTkt4xw%2Fg9S4z9d7DSR1Hr%2FpqHsyOUh3O%2BguWO8P%2BSj0ZHm7dShl8zd9mZ4bb1wUpLBgxGmnRpfuUyjQuQjIv99uxN3Sakftc%2FsiuecHTpV8gZ%2B%2Buot3fhdOIuYSbYhrXX2OFpeANPk5mkURc24DED9a5JRvoD0gxe8wHTMBwduxQwi7zmtqYdtzAJB%2FKtK7%2FhHfX2M4n4xsRJPzP4%2FSlrvPGGX7eOFi1Fgv6oNfNRzIpXa3h1bct28THdsMwE9sbOeFS8n2Oo4prw%2FDgZRsTmWiPjTYWCW2tI9k8R6AKfbYxpSFftCdo6iP%2FpVcBdFQFbInroYjCYKFAu9%2FLprFlIsAjZvQURcH7gQI05%2FlkUGsLxpCt1XIQpsWbb1x4DwXCDFF6iw%3D%3D,39,,正版环球影城小黄人十二生肖摆件龙手办卡通盲盒公仔模型礼物玩具,天逸永盈玩具专营店,北京
//detail.tmall.com/item.htm?priceTId=214782e017200105498205591e032b&utparam=%7B%22aplus_abtest%22%3A%22ef4f45cf9b022bfaffeb2b9a538ad3bd%22%7D&id=658092160318&ns=1&abbucket=3,38,,小黄人手办摆件神偷奶爸公仔动漫模型生日送礼女生可爱礼物玩具男,允贝美动漫旗舰店,浙江 金华
//item.taobao.com/item.htm?priceTId=214782e017200105498205591e032b&utparam=%7B%22aplus_abtest%22%3A%22ad5947f7cde532774942c58f426821d6%22%7D&id=554803128879&ns=1&abbucket=3#detail,29,,2024正版小黄人公仔神偷奶爸手办玩具模型办公室摆件儿童生日礼物,你好玩具生活馆,北京
//item.taobao.com/item.htm?priceTId=214782e017200105498205591e032b&utparam=%7B%22aplus_abtest%22%3A%2256262ba26d6b33c93b7a47708ec01ceb%22%7D&id=672699398775&ns=1&abbucket=3#detail,29,,正版minions小黄人公仔摆件车载动漫手办玩偶环球影城纪念品礼物,大先生的小摆件,广东 中山
https://click.simba.taobao.com/cc_im?priceTId=214782e017200105498205591e032b&utparam=%7B%22aplus_abtest%22%3A%22530647a47985b20f68266fbc471e1c3b%22%7D&p=%D0%A1%BB%C6%C8%CB%CD%E6%C5%BC&s=87335134&k=1409&e=3AsVJe72SLgt9ioletdpP7GdvSUZ9a%2FhLfdHztChS%2Fzyr62T9GkBvMH68X44c5uptmSDWTKIGC%2BT2%2FpNSCS96zlfMJI%2F%2FS8pc2%2FPoOWsK2sEsK0OYt7UZ9hl3Wo%2BFbZ9qX8%2FsrGpe9AXACKAXNnanKIyToiqyn1KBinPwHmpIDa2jZKxPaNDcM9hPRaZ1VUbr1IuvyOIaXl%2Bk5r0qxLqoSvPSATfOp3e%2BmplEN2Y32zBjQqkDI1bmt%2BqYS2Xxb3CBkGP8U336nzESibzHZ5kxo1THvTbAvFwzrBdyVFUt40ksjd%2BhU6nY3wUtZXPyjji45qsQSYXj2X5pOYh%2FCGsqa3SHXn0X2BVPgWjkwOecvBZGbF08oJg52o1%2BahchAv8mvuRueUMZuo2ZjvzBpJ21Mzeu0wjnZBf05AYtzh35hJL%2B3oC%2FjvYqJMBKbw3b8bSQ%2Bdxxz0eDndta%2Ftc0oQQ7n5wFbPbZb8CoIQ0IUg%2FV9BtMRUbStlWD3JyMlZ4K0c7118CfE43JJP1VDYWlDZvVIFmwTAAPYZ6qELxpfMLvMIb7GG1k%2FRXERnny%2FFFdu2Qe8aU5vir8mJ7VnrxFF%2FYJnglwnuHMqGVXE4MDkg70MhswOd%2FlJfFMndYlTKHvB3ANKuDrACzXzAk%2FrotXtMl2w70sQDQ6oQjgIuXQ03f9KLmaSW8uh2i%2F%2FbsAeAQHQrYUpCyvQWdJwSVQgG4WAsbNrxXOWVIhO9UlZZ7YJJi53tFCHD43rc2kPH4eeo%2FvMkJL8zFpIYDUJaWRgOEtLX0fce20b8MIFkFj7OsYsR4HL15105cIBRvYxE3xu5S1RwcDRaMGtMpSX70F%2FXu3wQ4hnBQMmmiRcbVKfB8b0LMLitYHkbHt0mOy8VjVNbHgD2MWiaA8eiPSDGFT5hL6Sa%2FsqMC6rOV%2BNPMoZKI6sLQ8juQsBvDpQ%2B7d96X1vKmvRTWKkt3Ge0K8t7DWGk3J3FuXtjJ0VQ3PNvISugG5ssjPwreA5FFTn4v%2BypCHjm8cXnU5Nh67Wrr%2FjC5rKrQhYkWQfXkdJQruu6kwhakZiZ7ZnbfEJE90yylI9uAxA%2FWuSUbchqbVCU8rAATa%2BF%2BZhZ3UCCM1RzMk1%2FNw%2F5KPRkebt1KGXzN32ZnhtvXBSksGDEaadGl%2B5TKNC5CMi%2F327E3dJqR%2B1z%2ByK55yTzyRF24mpK%2BI0daFXH%2F8ptiGtdfY4Wl4A0%2BTmaRRFzbgMQP1rklG%2BgPSDF7zAdMwHB27FDCLvMiKAdAWm3J7vWAbHXw6s8DkcGetr%2Fd91eXnqo1DytaqTSrg6wAs18wWA64QxQFUTmPQRvw6x51GU7vWaP%2Bc8zb8iiICP473Z1Nu3hAUomvc4mIZst68NJ608Nkrd3Qx71lvMXc0tbDBTbRo7e%2Fq7ot,108,,Funko POP小黄人玩偶玩具手办公仔周边盲盒摆件神偷奶爸4联名车载,MINDstyle旗舰店,广东 东莞
//item.taobao.com/item.htm?priceTId=214782e017200105498205591e032b&utparam=%7B%22aplus_abtest%22%3A%221d6b1628c15faf3f39933f3f9420b3c7%22%7D&id=792418141766&ns=1&abbucket=3#detail,30,,小黄人玩偶新款环球影城毛绒神偷奶爸公仔抱枕儿童玩具男女孩礼物,蛋黄家居日用,福建 福州
//item.taobao.com/item.htm?priceTId=214782e017200105498205591e032b&utparam=%7B%22aplus_abtest%22%3A%2288099d1e76e8c22de33f614eff078ebe%22%7D&id=772687304417&ns=1&abbucket=3#detail,24,,神偷奶爸小黄人毛绒玩具生日礼物玩偶儿童玩具公仔睡觉抱枕布娃娃,追梦小镇毛绒玩具礼物平价店,河北 保定
//item.taobao.com/item.htm?priceTId=214782e017200105498205591e032b&utparam=%7B%22aplus_abtest%22%3A%22b445a33a861970d9958d2637c9af6a19%22%7D&id=682368168310&ns=1&abbucket=3#detail,161,,北京环球影城代购神偷奶爸小黄人奥豆Otto毛绒公仔玩具纪念品正品,菲菲环球正品代购店,北京
//detail.tmall.com/item.htm?priceTId=214782e017200105498205591e032b&utparam=%7B%22aplus_abtest%22%3A%2271fb5592354e888524e59c6807ea0b54%22%7D&id=678228877555&ns=1&abbucket=3,100,,环球影业小黄人毛绒公仔TIM熊系列巨型玩偶毛绒潮流小挎包双肩包,环球影业旗舰店,浙江 金华
//item.taobao.com/item.htm?priceTId=214782e017200105498205591e032b&utparam=%7B%22aplus_abtest%22%3A%22fc109279c71771be50966d509c8cbb87%22%7D&id=806697275763&ns=1&abbucket=3#detail,23,,小黄人玩偶神偷奶爸毛绒玩具抱睡公仔卡通可爱抱枕生日礼物男女,玩具总动员招牌,浙江 金华
//detail.tmall.com/item.htm?priceTId=214782e017200105498205591e032b&utparam=%7B%22aplus_abtest%22%3A%221d0f382cc9acf50d56901694dd697048%22%7D&id=658838219928&ns=1&abbucket=3,35,,正版授权大号小黄人手办神偷奶爸模型经典快乐玩偶环球影城礼物,玩悦计划旗舰店,北京
//item.taobao.com/item.htm?priceTId=214782e017200105498205591e032b&utparam=%7B%22aplus_abtest%22%3A%22452ffaee16ce9b9300ab252c10c4669c%22%7D&id=700977220656&ns=1&abbucket=3#detail,179,,北京环球影城代购熊猫系列小黄人鲍勃tim发声可动储物桶斜挎桶正,菲菲环球正品代购店,北京
//detail.tmall.com/item.htm?priceTId=214782e017200105498205591e032b&utparam=%7B%22aplus_abtest%22%3A%222e649eaf00cf72da6ae158859af79586%22%7D&id=706443641992&ns=1&abbucket=3,388,,环球影业小黄人迷你不倒翁盲盒减压玩具手办摆件潮玩公仔,环球影业旗舰店,浙江 金华
//detail.tmall.com/item.htm?priceTId=214782e017200105498205591e032b&utparam=%7B%22aplus_abtest%22%3A%229d03ab196aaa01f4c9a6de7ba786c147%22%7D&id=678238570653&ns=1&abbucket=3,42,,神偷奶爸小黄人玩偶可爱毛绒玩具抱睡公仔布偶娃娃儿童生日礼物女,尤朵拉家居旗舰店,江苏 扬州
//item.taobao.com/item.htm?priceTId=214782e017200105498205591e032b&utparam=%7B%22aplus_abtest%22%3A%22163fea5eb306bccae7d1d980ba092d0e%22%7D&id=804064732850&ns=1&abbucket=3#detail,27,,小黄人玩偶神偷奶爸抱睡公仔儿童卡通毛绒玩具抱枕生日礼物女娃娃,西瓜椰奶露,广东 广州
//item.taobao.com/item.htm?priceTId=214782e017200105498205591e032b&utparam=%7B%22aplus_abtest%22%3A%226c482e5c71e178f00ca8d8443f2a6dab%22%7D&id=744797251653&ns=1&abbucket=3#detail,28,,正版神偷奶爸小黄人公仔儿童毛绒玩具抱枕女孩萌玩偶娃娃生日礼物,小吴同学的玩具店,浙江 杭州
//detail.tmall.com/item.htm?priceTId=214782e017200105498205591e032b&utparam=%7B%22aplus_abtest%22%3A%223ec31b7a2466280d7e3cf6ca02781811%22%7D&id=694989660896&ns=1&abbucket=3,49,,环球影业小黄人十二生肖静态手办摆件卡通可爱公仔新年生日礼物,环球影业旗舰店,浙江 金华
//item.taobao.com/item.htm?priceTId=214782e017200105498205591e032b&utparam=%7B%22aplus_abtest%22%3A%22437a85cf8b9c98c81141a5b7e6495593%22%7D&id=717469822335&ns=1&abbucket=3#detail,45,,环球神偷奶爸正版剪标小黄人公仔儿童毛绒玩具抱枕萌玩偶生日礼物,Bedillo贝迪乐外贸玩偶店,湖北 武汉
//item.taobao.com/item.htm?priceTId=214782e017200105498205591e032b&utparam=%7B%22aplus_abtest%22%3A%22d705aa4891db19623bb1dfa138c5d77a%22%7D&id=805996797714&ns=1&abbucket=3#detail,69,,名创优品花花小黄人系列bob-Tim系列公仔玩偶抱枕毛绒变装小黄人,miniso名创优品代代购,北京
//detail.tmall.com/item.htm?priceTId=214782e017200105498205591e032b&utparam=%7B%22aplus_abtest%22%3A%22ecb05d785c764f9de448802aff218f35%22%7D&id=638740713593&ns=1&abbucket=3,38,,小黄人手办公仔全套摆件模型神偷奶爸盲盒玩偶生日礼物蛋糕装饰,轩速旗舰店,浙江 金华
//detail.tmall.com/item.htm?priceTId=214782e017200105498205591e032b&utparam=%7B%22aplus_abtest%22%3A%22db60e1b49da112a41b55bce711bc2b27%22%7D&id=806997103001&ns=1&abbucket=3,59,,灵动创想小黄人盲盒玩偶Bob和Tim熊的温馨日常周边摆件毛绒公仔,灵动创想潮玩旗舰店,广东 中山
//detail.tmall.com/item.htm?priceTId=214782e017200105498205591e032b&utparam=%7B%22aplus_abtest%22%3A%22acb2580061341b453866e6c7471a62fa%22%7D&id=669802166726&ns=1&abbucket=3,29,,正版神偷奶爸小黄人公仔变身安抚兔子玩偶毛绒玩具娃娃儿童礼物,迪卡梦玩具专营店,江苏 扬州
//item.taobao.com/item.htm?priceTId=214782e017200105498205591e032b&utparam=%7B%22aplus_abtest%22%3A%223045b2b0ac5312859acec1592f848578%22%7D&id=742268970246&ns=1&abbucket=3#detail,139,,北京代购环球影城正品小黄人鲍勃tim熊毛绒公仔玩偶挂件钥匙链,追风环球代购,北京
//detail.tmall.com/item.htm?priceTId=214782e017200105498205591e032b&utparam=%7B%22aplus_abtest%22%3A%22caa40065b2b1a7c04c0ef7f52bc63d0b%22%7D&id=808026196520&ns=1&abbucket=3,79,,小黄人盲盒毛绒挂件公仔玩具鲍勃熊趣味玩偶手办摆件环球影城周边,陶欣玩具专营店,江苏 无锡
//detail.tmall.com/item.htm?priceTId=214782e017200105498205591e032b&utparam=%7B%22aplus_abtest%22%3A%2230c8f5ab18c3b7672a731ff3a7b07004%22%7D&id=743739922820&ns=1&abbucket=3,159,,环球影业小黄人形影不离系列新款毛绒公仔小黄人中国行周边玩偶,环球影业旗舰店,浙江 金华
//detail.tmall.com/item.htm?priceTId=214782e017200105498205591e032b&utparam=%7B%22aplus_abtest%22%3A%22294066707859150771efe7b9db555aad%22%7D&id=807000027810&ns=1&abbucket=3,59,,灵动创想小黄人盲盒公仔毛绒挂件玩具Bobtimi熊玩偶手办摆件周边,灵动创想旗舰店,广东 中山
//item.taobao.com/item.htm?priceTId=214782e017200105498205591e032b&utparam=%7B%22aplus_abtest%22%3A%22205c97dba6fb3c8466d5cbcb4dc9b506%22%7D&id=661321031702&ns=1&abbucket=3#detail,157,,北京环球影城代购UBR 小黄人鲍勃十二生肖毛绒公仔玩具玩偶娃娃,菲菲环球正品代购店,北京
//item.taobao.com/item.htm?priceTId=214782e017200105498205591e032b&utparam=%7B%22aplus_abtest%22%3A%225dad0576a9a718babb52c576c8079012%22%7D&id=777458364014&ns=1&abbucket=3#detail,25,,神偷奶爸小黄人毛绒玩具公仔儿童玩偶抱枕女孩布娃娃大号生日礼物,菁菁甄选,广东 广州
//item.taobao.com/item.htm?priceTId=214782e017200105498205591e032b&utparam=%7B%22aplus_abtest%22%3A%220d8e082b020f69932a5e8b56c1e502fa%22%7D&id=740703258552&ns=1&abbucket=3#detail,49,,小黄人大号毛绒方块抱枕新加坡环球影城真品卑鄙的我小黄人大眼萌,北京商盟 改变生活馆,北京
//detail.tmall.com/item.htm?priceTId=214782e017200105498205591e032b&utparam=%7B%22aplus_abtest%22%3A%22ae1259ec9c7a9cbc033ee62752570591%22%7D&id=602932061595&ns=1&abbucket=3,99,,多美环球影城小黄人玩偶动漫周边手办摆件发声公仔可动礼物玩具,kidsland官方旗舰店,北京
//item.taobao.com/item.htm?priceTId=214782e017200105498205591e032b&utparam=%7B%22aplus_abtest%22%3A%22e54afc1283adbac0ac2ab67b532f35a1%22%7D&id=654982718993&ns=1&abbucket=3#detail,127,,北京环球影城代购神偷奶爸小黄人玩偶tim熊宠物熊毛绒公仔bob熊,菲菲环球正品代购店,北京
//item.taobao.com/item.htm?priceTId=214782e017200105498205591e032b&utparam=%7B%22aplus_abtest%22%3A%2286348b14accd5e0a3b1521b5963a5879%22%7D&id=651265626140&ns=1&abbucket=3#detail,25,,名创优品小黄人系列毛绒公仔男 MINISO可爱卡通玩偶女生礼物抱枕,Miniso名创优品全球集合店,广东 广州
//detail.tmall.com/item.htm?priceTId=214782e017200105498205591e032b&utparam=%7B%22aplus_abtest%22%3A%2264f422d58fd32e59fff69e66c8e16ff9%22%7D&id=808924806715&ns=1&abbucket=3,59,,环球影业小黄人毛绒公仔玩偶盲盒BobTim熊温馨日常周边摆件玩具,环球影业旗舰店,浙江 金华
//item.taobao.com/item.htm?priceTId=214782e017200105498205591e032b&utparam=%7B%22aplus_abtest%22%3A%22265ada4c4df3f1806f91f7f5c7128f82%22%7D&id=698419112933&ns=1&abbucket=3#detail,39,,正版小黄人十二生肖玩偶公仔精致潮玩手办盲盒室内车内车载兔年,Und正版潮玩店,广东 中山
//item.taobao.com/item.htm?priceTId=214782e017200105498205591e032b&utparam=%7B%22aplus_abtest%22%3A%225a6a362c529b181bf0060352ae964551%22%7D&id=754891704790&ns=1&abbucket=3#detail,59,,POPMART泡泡玛特 小黄人中国行系列手办盲盒童趣玩具摆件新年礼物,欧巴手办盲盒,广东 广州
https://click.simba.taobao.com/cc_im?priceTId=214782e017200105522255772e032b&utparam=%7B%22aplus_abtest%22%3A%22d8a79cdca8999e8e65c0dba5d3df8a31%22%7D&p=%D0%A1%BB%C6%C8%CB%CD%E6%C5%BC&s=653055765&k=1517&e=XJRvNUGxyDevMIYfS6Ej3KHDYFXBZmxsTz3sxbZr0qrzE4cEAMFvDM8C06CBRFKGihTIiCRBjwz%2FRZagQSCSjzPp0rOBFhwPPEeSF1gkmjLMqvg1Ug7UJQfgz1%2FKDB5MzbvNQGl06gvN5Q%2BE00rhkO6Bp6FB08mQDVdnrc2RoZ1CCupKyYvM4VHR0AL9KnUgfs5wywu2PTL6Q8OjUDruAuqPcmWZ38fME7kGgkRMaIjX5X%2BO6WcgPb%2BV1LTuCMIba7TfFn2oY769OoiQvIf3WobOoBzFhtyCTaYlyjXiQjDVlQqONilZEXoi%2F2qOqSVkhavar3bbDWXBb9TPdssOFzsfeEKBxpdOGOKzLTVXW10rkSqReY2XL5wqg1QcjxIvbLTVmsIUs%2B1QArl7tmFGniBTmHMBr2XD8G9QI5QKH3KmuRvZyKabjSMzKuYIZ1Q0JUG%2B%2BmbxIg0uHM3%2Fw8o6jmAvgyJ%2BqRFo4lQItE%2FAH%2Bm1v0tDT%2FB3rLgswNBqcqda%2FC00CwQq%2Baj%2BTKZnDsOipW2mGACCmuT3OSynlDe795DIK0AXPbV6ouAcotDtM2MttoNOhl%2Fhn5OMyZbRr782JzygDm%2FhBtL%2F8srWhHctXbRL4yraesYjzY4ub2U9RQSE9Z2ENc%2BAX%2BaenzSw2XSIFh%2Badep90NLMNEXjs5iK5Tqjv2RpQe52ZNy91ODROJUcZwNWJE2lSqBXWhJiXDXJUpCVoukSjJLbnOAa8yzrj8r8jWLkr49UZyuInntDKD19fNmfxFALR83ictNoyuza5cJ16A%2FkJIaTH3CAxCQcIoyZ%2FWI60g7puhllFl5biIwSTzzinSxexTktVCibe3%2BIdOqWr0gC3%2FxYNPUQil2JK8%2F10QfMk4BGAFN5b3t4AO214NuHfp4lnXjPkkFLioU3KaeXaqdlZjaWt8Uc%2BfJXF8EDCkcWuOqjQFFlL0sEjZt9TuytlPGZgjmC7%2FayrgnzoQNEz9zTeFvZZthZUYK7sFU7H3hCgcaXTjdrAY%2B4z1lykMNZvIy0p%2FScKoNUHI8SL3sqTjXW9hx%2BATM9HLDwl9XKE5rNIh1axb8XJPfBhv4Xnp7ka7HzktRdvBja73oPucWRwtvlqUhsFVy%2FMpT%2Bbjcc5dqEDeCFltjn3q0i7RaL3nqimTogE%2BYn0mu9Xb8hQL1Vt7sH1R6Xrca4OrkV7GfeWLx%2BFQZ57lYijqD26RY0eiL%2Fao6pJWR7nogX30r1FtbQwXMOTimnUAH46AfKtt7toyfVYrVSG%2BmaakYbThUwWZRww5fdcq4nVSyreXQJAfgErQtreqvX3EUtZhhMqvpiCeWXQ134X7cRiXwUrgSh3DeEM2q1jl7TmDBhzI01pbwoW2V4vUPtJ4CurgLzzirJazzWC3qedGPRNHewDHxauCzA0Gpyp1oLtcRELRTJFkxn1BDM7812LCkHu2mY0A2k2G%2FGmMCA5whBTwzoEZJ5UGiRDCtDgXccy6cfy%2FaS1esHJBLBEeqLZt7J0%2FDLrSg%3D,38,,小黄人手办桌面车载摆件全套神偷奶爸公仔模型模型玩具生日礼物,鼎乐玩具旗舰店,浙江 杭州
//item.taobao.com/item.htm?priceTId=214782e017200105522255772e032b&utparam=%7B%22aplus_abtest%22%3A%22b15fa241207f78bfbb89a68abdd7c775%22%7D&id=778363731618&ns=1&abbucket=3#detail,28,,小黄人玩偶神偷奶爸抱睡公仔儿童卡通毛绒玩具抱枕生日礼物女娃娃,叮当猫の百宝袋,河北 保定
//detail.tmall.com/item.htm?priceTId=214782e017200105522255772e032b&utparam=%7B%22aplus_abtest%22%3A%228fc274861b112ce1f8f81db598def42d%22%7D&id=740870035692&ns=1&abbucket=3,59,,环球影业小黄人形影不离毛绒公仔生日礼物小黄人中国行周边玩偶,环球影业旗舰店,浙江 金华
//item.taobao.com/item.htm?priceTId=214782e017200105522255772e032b&utparam=%7B%22aplus_abtest%22%3A%2282181ed771ce22c84044176498d9b385%22%7D&id=785409427274&ns=1&abbucket=3#detail,118,,环球影城代购小黄人正版鲍勃凯文毛绒公仔玩偶玩具纪念品手办周边,追风环球代购,北京
https://click.simba.taobao.com/cc_im?priceTId=214782e017200105522255772e032b&utparam=%7B%22aplus_abtest%22%3A%22700987c448bfa2535bfd2de7750c3e03%22%7D&p=%D0%A1%BB%C6%C8%CB%CD%E6%C5%BC&s=653055765&k=1569&e=lPNG3Oy%2BTXavMIYfS6Ej3KHDYFXBZmxsTz3sxbZr0qrzE4cEAMFvDM8C06CBRFKGihTIiCRBjwxui11GNwBwD7wrk0gjloPCf0WopxzyfRXMqvg1Ug7UJQfgz1%2FKDB5MzbvNQGl06gvN5Q%2BE00rhkO6Bp6FB08mQDVdnrc2RoZ1CCupKyYvM4VHR0AL9KnUgfs5wywu2PTL6Q8OjUDruAuqPcmWZ38fME7kGgkRMaIjX5X%2BO6WcgPb%2BV1LTuCMIba7TfFn2oY769OoiQvIf3WkE738Zamo3TbwH6Ft5TRRmO8OkbCuKZ43RN2aFeXKZeTaYlyjXiQjAnUnn1S%2BA%2FzfYfEt587cYmw4NzqPwjM%2FwNxvyyI2ToaR3vpTVAHjc9B5ASh1Ssme%2FzdC81sumWKnRv5ZjOd04dW1SCDFbmhVi7axqjZP1V8oiXEDea9566XYLuAGZ94C7n44MRjdjmr5XtSgvoFbRhqg9rJm8moRsIQbEZKBNEpkuZWA1Oq%2FCBWBeoW9BI9UCwyKwKITThMq2%2Fq5O5GVBPfWPpnre7JzSQsighIbXWbojLSYLq6MR%2F9Y4CP0EdXv%2Fh5kBEp0R9Wstdyev12AfnM6ROGiYGYem7uPR8HiMV%2BYIh4skp4%2Fu48VymLptYit8t6Kpxl3q3YFjhtqNCftjnoZdF8qMDwrsJFywVq0Mqobp1iR72EVufez3HrnouUh39K%2BKt5qVZH1D%2B1Vju8nWYWmUWA27i9Q3Zsuzf44IqLVyhNIQUMVxgqjGD1dqzsCTOb1%2BnMdXUsLm%2F9JcC1uk7l8tGf2Ar2qz9PgMWLcTAuDQSyECLkECk5GTt3gnNkaQnYKE1uYIyRt5tReJpkOlssqeBwr01U8XpjbkdHaunNB1fYKrNMr3qotoTD%2FqmSNE0Dzm1x46puXSHfZV89qOUDwdDtTI4sgBTeW97eADtteDbh36eJZ14z5JBS4qFNymL2JsznDWcKbfFHPnyVxfBAwpHFrjqo0BRZS9LBI2bfU7srZTxmYI5gu%2F2sq4J86HDU9HqiJ5%2BK4tGsbBGHAAx9AKd7Hcavtx5sOe4g0eUc0sVGt3YweThmD00nAMMDcJyfe%2FeFQtyTzfFJfUIln2SQirgAs9GPA0AZww8qU4vFkSS93f8moTauaszKBw3%2BkIVG3IALfETEFdt9fDU2%2F%2BBbrWsNC2fxPWsAaFnAf%2F3j06JNrietOrHO8dzHpEdIqqvHIDTpSSHNhYDTGzu4LXYtKtMiEs1LE%2BravVRrHxaT9FDgUwyDD7NrwsbGQXN1VmQD0bSa%2Fm8310gzi3Kr5C3vxck98GG%2Fheq2kqzu0H3B%2BOjC3sYbDtvXwy%2BE84aXhjvBC1zuuZLjN2uqkaJybfE0%2F%2B0EA5fP0yGEhsKua8WiGytDnlPACFdsWI9eNORZBeikqYA9KUdYYEyz8o2dK3cJ0IDdyiJSAzaQ1yGXXdF7MODc6j8IzP8WWpzJnKEgG7U%2BAisu5ovP9dennxa5cgSQml2Bzs%2BNbTjC8daQcVe7NZWcnTRPNvyWFUYx5qd1DzhgneKy1UqsW%2BRXGdVM04z,49,,环球影业小黄人agnes艾格尼丝otto奥豆毛绒冰箱贴磁吸设计动漫,环球影业旗舰店,浙江 金华
//item.taobao.com/item.htm?priceTId=214782e017200105522255772e032b&utparam=%7B%22aplus_abtest%22%3A%22c658346f2bd660b5c735aec2fabd2c39%22%7D&id=689995762871&ns=1&abbucket=3#detail,25,,小黄人玩偶毛绒bob超大公仔鲍勃挂件环球影城正版抱枕可爱玩具,萌新精品玩偶店,河北 保定
//item.taobao.com/item.htm?priceTId=214782e017200105522255772e032b&utparam=%7B%22aplus_abtest%22%3A%22206c485f284ebfc4ec1d1720dfd8295e%22%7D&id=744828885121&ns=1&abbucket=3#detail,109,,北京环球影城代购小黄人正版鲍勃tim熊猫奥豆毛绒公仔玩偶纪念品,追风环球代购,北京
//detail.tmall.com/item.htm?priceTId=214782e017200105522255772e032b&utparam=%7B%22aplus_abtest%22%3A%2200084c8e6bf8bfc638ec45934ab42b21%22%7D&id=39641174177&ns=1&abbucket=3,25,,正版神偷奶爸小黄人公仔儿童毛绒玩具抱枕女孩萌玩偶娃娃生日礼物,迪卡梦玩具专营店,江苏 扬州
https://click.simba.taobao.com/cc_im?priceTId=214782e017200105522255772e032b&utparam=%7B%22aplus_abtest%22%3A%22a5a052ff19c71bcbfd0cd7b5fa03096a%22%7D&p=%D0%A1%BB%C6%C8%CB%CD%E6%C5%BC&s=653055765&k=1505&e=R%2Bd1%2B9A2E6avMIYfS6Ej3KHDYFXBZmxsTz3sxbZr0qrzE4cEAMFvDM8C06CBRFKGihTIiCRBjwwLXlgIvnnj19q0SQTZJoY53kNMhq3rHPzMqvg1Ug7UJQfgz1%2FKDB5MzbvNQGl06gvN5Q%2BE00rhkO6Bp6FB08mQDVdnrc2RoZ1CCupKyYvM4VHR0AL9KnUgfs5wywu2PTL6Q8OjUDruAuqPcmWZ38fME7kGgkRMaIjX5X%2BO6WcgPb%2BV1LTuCMIba7TfFn2oY769OoiQvIf3WvEMwhvFSViJ8%2Bx4ugWn3x6LWRcDumhHpzVLCSHmR4ELTmuhgt1NkfZ7eb%2FqlnVEZ1IGhnesHvNzDEPu4xPDGOB21dZEVH3%2F1hzSEWlHYUDqI1KLrEGH6%2BOANImQAP2unMMGkMxi1uNAf8Vw1u%2Bd6B%2BTzST%2B6jnUw7CJ4DOIfqSoB1nYzos%2Fub5LmVgNTqvwgVgXqFvQSPVAsMisCiE04TKtv6uTuRlQTxUxIBVM5Hb4t3P4K6WVMC1zldytGJZCAO%2BSWLbZZ1f0QvSKLIeLfAEpXh8A2zFtLsSceUu41OlmsHeaouAQ4iwzoS4eznmQDdSEATLl2fipYhM3Z7XHoZMqfhGhRohIV8F6hbnlxzH2DF%2ByVgWWPpJMKgHuIrY8ARNF00Z8XKlAzD3Y3h0jujxkHks5wuB7ZNCK2EIUEmLVCXnZHzmnNUYFadKzV4orebPPeXeAM%2Fo5nOAa8yzrj8r8jWLkr49UZyuInntDKD19fNmfxFALR83ictNoyuza5cJ16A%2FkJIaTH3CAxCQcIoyZ%2FWI60g7puhllFl5biIwSTzzinSxexTktVCibe3%2BIdOqWr0gC3%2FxYxhT6KuYyxypj7MjUFmFZclN5b3t4AO214NuHfp4lnXjPkkFLioU3KaeXaqdlZjaWt8Uc%2BfJXF8EDCkcWuOqjQFFlL0sEjZt9TuytlPGZgjmC7%2FayrgnzoYHToaoXZk262BrJ%2BuyJyfGBqlZWtXHJ4PyfebcAS36tn6Si5BcXf%2FUNWylAMggsOP5bPNWL0wDzGrlbroFZaGXSLh1cZimg%2Bu2jJ9VitVIbiMVDvrH8X3mBqlZWtXHJ4OjM3vDJjISqHe1%2B49xhrNZWvoPyUQFG1eYcqbeHer%2FPbXLVWl4vTKan6vojWzieYbRKnM8nGbHB%2FSoQL6peut3ciufJ8xKn85FHFscbigAsyPlH36eQZERjs%2FdqjZy8yFrnqNaDuOmZaKoKf5jZMoDzBjK9nU8TV0nFMqVw7v0qgdqjfke7Wp%2Bkcx2I5Z6ZO1%2Fn0g6Zb6R2fBj6Ivx%2FOyZxf7LXPfMRLyyMtSeu5rX%2FPKAOb%2BEG0v%2FyytaEdy1dtEvjKtp6xiPNv2%2BtKpP3udRkHks5wuB7ZCiJxX50dQRQyPlH36eQZETUSZCXyCEvTaBUysZpJzv93dtTY1OoUaJARBC05YPme09jVUmmQnavpWjaeWfh1nFOiTa4nrTqx9%2FGy9nAmyLB,48,,正版神偷奶爸小黄人汽车摆件公仔玩具创意中控台装饰车载卡通男士,思菲尔旗舰店,浙江 杭州
//detail.tmall.com/item.htm?priceTId=214782e017200105522255772e032b&utparam=%7B%22aplus_abtest%22%3A%228ab80bf62da85f72c1830c0b1a9a9c56%22%7D&id=671402496358&ns=1&abbucket=3,139,,环球影业小黄人静态公仔手办系列卡通可爱办公室摆件家居饰品玩偶,环球影业旗舰店,浙江 金华
//item.taobao.com/item.htm?priceTId=214782e017200105522255772e032b&utparam=%7B%22aplus_abtest%22%3A%227ae7197cae252e5da6150f5973a36274%22%7D&id=807766293704&ns=1&abbucket=3#detail,49,,MINISO名创优品花花小黄人BOB TIM萌趣可爱亲肤柔软变装毛绒公仔,津津乐道天空,湖北 武汉
//item.taobao.com/item.htm?priceTId=214782e017200105522255772e032b&utparam=%7B%22aplus_abtest%22%3A%226c4524b9c3ffc2d838393a9a4e9e2d93%22%7D&id=694237172855&ns=1&abbucket=3#detail,29,,正版小黄人神偷奶爸手办精致潮玩送礼生日礼物可爱玩偶礼盒装摆件,Und正版潮玩店,广东 中山
//detail.tmall.com/item.htm?priceTId=214782e017200105522255772e032b&utparam=%7B%22aplus_abtest%22%3A%22c8dac22df4d17b3f3c8c110c0b7fad63%22%7D&id=807407391141&ns=1&abbucket=3,69,,小黄人玩偶毛绒bob超大公仔鲍勃挂件环球影城正版抱枕可爱玩具,联梦禾旗舰店,江苏 苏州
https://click.simba.taobao.com/cc_im?priceTId=214782e017200105522255772e032b&utparam=%7B%22aplus_abtest%22%3A%223f4596ad81b51683a0af38ebe0e8c5ec%22%7D&p=%D0%A1%BB%C6%C8%CB%CD%E6%C5%BC&s=653055765&k=1409&e=1PvI6zeJJCmvMIYfS6Ej3KHDYFXBZmxsTz3sxbZr0qrzE4cEAMFvDM8C06CBRFKGihTIiCRBjwyNrHn%2BXQ567riwBvkvKv99fFWlgJt1nO7Mqvg1Ug7UJQfgz1%2FKDB5MzbvNQGl06gvN5Q%2BE00rhkO6Bp6FB08mQDVdnrc2RoZ1CCupKyYvM4VHR0AL9KnUgfs5wywu2PTL6Q8OjUDruAuqPcmWZ38fME7kGgkRMaIjX5X%2BO6WcgPb%2BV1LTuCMIba7TfFn2oY769OoiQvIf3WobOoBzFhtyCTaYlyjXiQjB%2BWQDathaGccC2HWSB3gKSIbqD3Ta1Xk0oj4V2Kh5XHkgrVqTBXwu2KJEHVKH20mZLaj8CP%2Fvo65FcOt%2FNeezSYrK6BNKq%2BsPzsjea1aU9wBc%2Fv6%2BREcDjhduEs1VzvH5aCTTAoNnAkYmLSCTEqF54u%2BbDdvIzikQMWkOIYp2XnOO2MLr1wOpa%2Frbbv6%2B%2BWEbSGF%2BfD6Kh5Ybiz0i2%2BDBxdjJt3MZ%2By7b9%2B0jobxAQqNrOTrCywZjKL5hwJ1awg12OWLE0QksjDXZ6qpgia%2Fc%2FRePPgkhlJNbJbS97dkZJf7i1T5biHRe29ujtTsnBrbtkp0t2poOwadw3hDNqtY5etoSj4%2B1yIknLTAVuQHrkUfDeF6qbIKdNoI%2BG38QRJMjJnVDgEeyn5r5kPviRVnUytOOgzTs7gEdzxSqnOMtBaLlST8zN4EYpuiGHV25heynFZTv5wdSz%2BS6QOh9Z13etYBrqnBKp4VZLvVyvvvQapNtsDo%2BAPcqq70bGaRcsSbq7CWpINI4LkQTECobQjgPr1J1M1ZpZJu%2BDS%2FGeFjfgqOUKbPIw4VirWULgpCCYivY8vENcpp%2FiYzlMQrDwqOPMgAOG8qn3CeA3wu%2BNHNqCNLBlDMO5bzQEStZkDtTKfhdSEK1BTC%2FDTLSNo4vifZWVYE6xQFRdvxNlPzRsP64%2Bn8jIB0X3cbp6SK6Ei8hr6atrqLuI5X520GQSlqcryUK9BlQAjxsBHOsP2kOL0ZH24q3dwVR%2F3xo%2Fvw6jJd1ZT2AsKKyP6cMG3vFR9hdxTHVmIWz1O%2FRw7k9lyLjf1XSKLhvqIolWjS6EHMunH8v2ktXrByQSwRHqi%2FNGiZtpycJ5u%2BFzI1KPuzao2kd8zE2DN0svBMLgUyCah8gCvhKN3IPG8wixFr3ox%2Bx54bPTiPkaDNeqWqcLiznxUfYXcUx1ZkOY%2BssF%2BEfVRHRicFuYRYXT2AQyeARvKwYGyzfhMiqeo%2BnzW9S%2Bllsbgog7OF7Xi7aEo%2BPtciJJ1IQBMuXZ%2BKlsrQ55TwAhXbR4huFike7Srg37sux6DjmdHr4QkRptt6QS1liqM5traaF6%2F5OA0gneeqKZOiAT5qJqHdTHpvNG,108,,Funko POP小黄人玩偶玩具手办公仔周边盲盒摆件神偷奶爸4联名车载,MINDstyle旗舰店,广东 东莞
//detail.tmall.com/item.htm?priceTId=214782e017200105522255772e032b&utparam=%7B%22aplus_abtest%22%3A%22c18bc19ad437c8cb32d88f5d258da46e%22%7D&id=658092160318&ns=1&abbucket=3,38,,小黄人手办摆件神偷奶爸公仔动漫模型生日送礼女生可爱礼物玩具男,允贝美动漫旗舰店,浙江 金华
//item.taobao.com/item.htm?priceTId=214782e017200105522255772e032b&utparam=%7B%22aplus_abtest%22%3A%22a4a9108210f69dd69d4df25d231510f7%22%7D&id=554803128879&ns=1&abbucket=3#detail,27,,2024正版小黄人公仔神偷奶爸手办玩具模型办公室摆件儿童生日礼物,你好玩具生活馆,北京
//item.taobao.com/item.htm?priceTId=214782e017200105522255772e032b&utparam=%7B%22aplus_abtest%22%3A%22b91171d7fc95dc3fad366977b21e692b%22%7D&id=672699398775&ns=1&abbucket=3#detail,29,,正版minions小黄人公仔摆件车载动漫手办玩偶环球影城纪念品礼物,大先生的小摆件,广东 中山
//item.taobao.com/item.htm?priceTId=214782e017200105522255772e032b&utparam=%7B%22aplus_abtest%22%3A%22257f0e1a4ade8fd147c6ec198cc30083%22%7D&id=792418141766&ns=1&abbucket=3#detail,25,,小黄人玩偶新款环球影城毛绒神偷奶爸公仔抱枕儿童玩具男女孩礼物,蛋黄家居日用,福建 福州
//item.taobao.com/item.htm?priceTId=214782e017200105522255772e032b&utparam=%7B%22aplus_abtest%22%3A%225bc5713cf097479032727b97196025e1%22%7D&id=772687304417&ns=1&abbucket=3#detail,24,,神偷奶爸小黄人毛绒玩具生日礼物玩偶儿童玩具公仔睡觉抱枕布娃娃,追梦小镇毛绒玩具礼物平价店,河北 保定
//item.taobao.com/item.htm?priceTId=214782e017200105522255772e032b&utparam=%7B%22aplus_abtest%22%3A%2237ed463b5d58fe8e0d00bff76de797eb%22%7D&id=682368168310&ns=1&abbucket=3#detail,160,,北京环球影城代购神偷奶爸小黄人奥豆Otto毛绒公仔玩具纪念品正品,菲菲环球正品代购店,北京
//detail.tmall.com/item.htm?priceTId=214782e017200105522255772e032b&utparam=%7B%22aplus_abtest%22%3A%22e9c2e4303f235fc0525d77961f4bc790%22%7D&id=678228877555&ns=1&abbucket=3,69,,环球影业小黄人毛绒公仔TIM熊系列巨型玩偶毛绒潮流小挎包双肩包,环球影业旗舰店,浙江 金华
//item.taobao.com/item.htm?priceTId=214782e017200105522255772e032b&utparam=%7B%22aplus_abtest%22%3A%2255c54e5580b8445357677339f45c1c49%22%7D&id=806697275763&ns=1&abbucket=3#detail,23,,小黄人玩偶神偷奶爸毛绒玩具抱睡公仔卡通可爱抱枕生日礼物男女,玩具总动员招牌,浙江 金华
//detail.tmall.com/item.htm?priceTId=214782e017200105522255772e032b&utparam=%7B%22aplus_abtest%22%3A%226ea71f59792cce58765cbf3ff651f2e7%22%7D&id=658838219928&ns=1&abbucket=3,29,,正版授权大号小黄人手办神偷奶爸模型经典快乐玩偶环球影城礼物,玩悦计划旗舰店,北京
//item.taobao.com/item.htm?priceTId=214782e017200105522255772e032b&utparam=%7B%22aplus_abtest%22%3A%223d9ad38b58e6cfdc210b858f0988b7e1%22%7D&id=700977220656&ns=1&abbucket=3#detail,178,,北京环球影城代购熊猫系列小黄人鲍勃tim发声可动储物桶斜挎桶正,菲菲环球正品代购店,北京
//detail.tmall.com/item.htm?priceTId=214782e017200105522255772e032b&utparam=%7B%22aplus_abtest%22%3A%22a9149b871c0a0619d5933bc46988c647%22%7D&id=706443641992&ns=1&abbucket=3,29,,环球影业小黄人迷你不倒翁盲盒减压玩具手办摆件潮玩公仔,环球影业旗舰店,浙江 金华
//detail.tmall.com/item.htm?priceTId=214782e017200105522255772e032b&utparam=%7B%22aplus_abtest%22%3A%22b66ddd6010dbe7be6be59c675c3ba761%22%7D&id=678238570653&ns=1&abbucket=3,35,,神偷奶爸小黄人玩偶可爱毛绒玩具抱睡公仔布偶娃娃儿童生日礼物女,尤朵拉家居旗舰店,江苏 扬州
//item.taobao.com/item.htm?priceTId=214782e017200105522255772e032b&utparam=%7B%22aplus_abtest%22%3A%227d67f41a3e3a2b2d70d6124a7fe3bc8f%22%7D&id=804064732850&ns=1&abbucket=3#detail,25,,小黄人玩偶神偷奶爸抱睡公仔儿童卡通毛绒玩具抱枕生日礼物女娃娃,西瓜椰奶露,广东 广州
//item.taobao.com/item.htm?priceTId=214782e017200105522255772e032b&utparam=%7B%22aplus_abtest%22%3A%22db8e12f09fa31addedb701efe40a7d4b%22%7D&id=744797251653&ns=1&abbucket=3#detail,28,,正版神偷奶爸小黄人公仔儿童毛绒玩具抱枕女孩萌玩偶娃娃生日礼物,小吴同学的玩具店,浙江 杭州
//detail.tmall.com/item.htm?priceTId=214782e017200105522255772e032b&utparam=%7B%22aplus_abtest%22%3A%22071fec6373a244381c17817377a64410%22%7D&id=694989660896&ns=1&abbucket=3,49,,环球影业小黄人十二生肖静态手办摆件卡通可爱公仔新年生日礼物,环球影业旗舰店,浙江 金华
//item.taobao.com/item.htm?priceTId=214782e017200105522255772e032b&utparam=%7B%22aplus_abtest%22%3A%22fcde4eea5c1be0b20647deb50562e9b6%22%7D&id=717469822335&ns=1&abbucket=3#detail,45,,环球神偷奶爸正版剪标小黄人公仔儿童毛绒玩具抱枕萌玩偶生日礼物,Bedillo贝迪乐外贸玩偶店,湖北 武汉
//item.taobao.com/item.htm?priceTId=214782e017200105522255772e032b&utparam=%7B%22aplus_abtest%22%3A%22a80024a8b2d8e9e11ffd46a4456c2ee9%22%7D&id=805996797714&ns=1&abbucket=3#detail,69,,名创优品花花小黄人系列bob-Tim系列公仔玩偶抱枕毛绒变装小黄人,miniso名创优品代代购,北京
//detail.tmall.com/item.htm?priceTId=214782e017200105522255772e032b&utparam=%7B%22aplus_abtest%22%3A%221e0881d64505857da6cea08e1621c34f%22%7D&id=638740713593&ns=1&abbucket=3,38,,小黄人手办公仔全套摆件模型神偷奶爸盲盒玩偶生日礼物蛋糕装饰,轩速旗舰店,浙江 金华
//detail.tmall.com/item.htm?priceTId=214782e017200105522255772e032b&utparam=%7B%22aplus_abtest%22%3A%22aab74384c81e0df6a76de5c31b9b3bfd%22%7D&id=806997103001&ns=1&abbucket=3,59,,灵动创想小黄人盲盒玩偶Bob和Tim熊的温馨日常周边摆件毛绒公仔,灵动创想潮玩旗舰店,广东 中山
//detail.tmall.com/item.htm?priceTId=214782e017200105522255772e032b&utparam=%7B%22aplus_abtest%22%3A%22f1cdc171573d8d53d17af47c756419ce%22%7D&id=669802166726&ns=1&abbucket=3,29,,正版神偷奶爸小黄人公仔变身安抚兔子玩偶毛绒玩具娃娃儿童礼物,迪卡梦玩具专营店,江苏 扬州
//item.taobao.com/item.htm?priceTId=214782e017200105522255772e032b&utparam=%7B%22aplus_abtest%22%3A%22ce81b6e645278a9233b02397e70907cb%22%7D&id=742268970246&ns=1&abbucket=3#detail,118,,北京代购环球影城正品小黄人鲍勃tim熊毛绒公仔玩偶挂件钥匙链,追风环球代购,北京
//detail.tmall.com/item.htm?priceTId=214782e017200105522255772e032b&utparam=%7B%22aplus_abtest%22%3A%2283dfaa673a315a1eff18720fed2f10f4%22%7D&id=808026196520&ns=1&abbucket=3,59,,小黄人盲盒毛绒挂件公仔玩具鲍勃熊趣味玩偶手办摆件环球影城周边,陶欣玩具专营店,江苏 无锡
//detail.tmall.com/item.htm?priceTId=214782e017200105522255772e032b&utparam=%7B%22aplus_abtest%22%3A%2250a5d522417fb54c68bc1cc92d81261a%22%7D&id=743739922820&ns=1&abbucket=3,159,,环球影业小黄人形影不离系列新款毛绒公仔小黄人中国行周边玩偶,环球影业旗舰店,浙江 金华
//detail.tmall.com/item.htm?priceTId=214782e017200105522255772e032b&utparam=%7B%22aplus_abtest%22%3A%22a07eb72a69714029d793f87d65b3c070%22%7D&id=807000027810&ns=1&abbucket=3,59,,灵动创想小黄人盲盒公仔毛绒挂件玩具Bobtimi熊玩偶手办摆件周边,灵动创想旗舰店,广东 中山
//item.taobao.com/item.htm?priceTId=214782e017200105522255772e032b&utparam=%7B%22aplus_abtest%22%3A%2210edf57d23f287f592a4ef1add8e1861%22%7D&id=661321031702&ns=1&abbucket=3#detail,156,,北京环球影城代购UBR 小黄人鲍勃十二生肖毛绒公仔玩具玩偶娃娃,菲菲环球正品代购店,北京
//item.taobao.com/item.htm?priceTId=214782e017200105522255772e032b&utparam=%7B%22aplus_abtest%22%3A%22e2aa1c0766184305fe644c6ae6e360b9%22%7D&id=777458364014&ns=1&abbucket=3#detail,25,,神偷奶爸小黄人毛绒玩具公仔儿童玩偶抱枕女孩布娃娃大号生日礼物,菁菁甄选,广东 广州
//item.taobao.com/item.htm?priceTId=214782e017200105522255772e032b&utparam=%7B%22aplus_abtest%22%3A%2287186a469db06990c0a96b2b6fcc9e13%22%7D&id=740703258552&ns=1&abbucket=3#detail,49,,小黄人大号毛绒方块抱枕新加坡环球影城真品卑鄙的我小黄人大眼萌,北京商盟 改变生活馆,北京
//detail.tmall.com/item.htm?priceTId=214782e017200105522255772e032b&utparam=%7B%22aplus_abtest%22%3A%22d2773f583bd68940ad431035bb2e9fee%22%7D&id=602932061595&ns=1&abbucket=3,99,,多美环球影城小黄人玩偶动漫周边手办摆件发声公仔可动礼物玩具,kidsland官方旗舰店,北京
//item.taobao.com/item.htm?priceTId=214782e017200105522255772e032b&utparam=%7B%22aplus_abtest%22%3A%22630ef5d544198774f28f3f24507762c7%22%7D&id=654982718993&ns=1&abbucket=3#detail,126,,北京环球影城代购神偷奶爸小黄人玩偶tim熊宠物熊毛绒公仔bob熊,菲菲环球正品代购店,北京
//item.taobao.com/item.htm?priceTId=214782e017200105522255772e032b&utparam=%7B%22aplus_abtest%22%3A%22b6bf0da80508f16bac87848a7d335144%22%7D&id=651265626140&ns=1&abbucket=3#detail,23,,名创优品小黄人系列毛绒公仔男 MINISO可爱卡通玩偶女生礼物抱枕,Miniso名创优品全球集合店,广东 广州
//detail.tmall.com/item.htm?priceTId=214782e017200105522255772e032b&utparam=%7B%22aplus_abtest%22%3A%227b91f34ecf5833b39965497452f71b8e%22%7D&id=808924806715&ns=1&abbucket=3,59,,环球影业小黄人毛绒公仔玩偶盲盒BobTim熊温馨日常周边摆件玩具,环球影业旗舰店,浙江 金华
//item.taobao.com/item.htm?priceTId=214782e017200105522255772e032b&utparam=%7B%22aplus_abtest%22%3A%2294e8d824199747af6ee63568ad3438eb%22%7D&id=698419112933&ns=1&abbucket=3#detail,39,,正版小黄人十二生肖玩偶公仔精致潮玩手办盲盒室内车内车载兔年,Und正版潮玩店,广东 中山
//item.taobao.com/item.htm?priceTId=214782e017200105522255772e032b&utparam=%7B%22aplus_abtest%22%3A%22a6a2cf1d813b846b09f3f320d2dac5c1%22%7D&id=754891704790&ns=1&abbucket=3#detail,51,,POPMART泡泡玛特 小黄人中国行系列手办盲盒童趣玩具摆件新年礼物,欧巴手办盲盒,广东 广州
//item.taobao.com/item.htm?priceTId=214782e017200105522255772e032b&utparam=%7B%22aplus_abtest%22%3A%222e43c392368ecc9dad88906560bc9f84%22%7D&id=683218332705&ns=1&abbucket=3#detail,45,,POPMART泡泡玛特 小黄人中国行系列盲盒潮玩手办童趣玩具摆件礼物,SP正版盲盒店,浙江 台州
https://click.simba.taobao.com/cc_im?priceTId=214782e017200105543155940e032b&utparam=%7B%22aplus_abtest%22%3A%220acec7e2d56dfd66610904545fdf2f2c%22%7D&p=%D0%A1%BB%C6%C8%CB%CD%E6%C5%BC&s=1369291157&k=1517&e=EgW5wYDvufbH3aucF%2BB%2FOk5HtapRkxAzQGfnyV9w%2FGUFA3FTFomO1zeHvnBoJp4usIAaSm0ny69zHUPaQbueKBq%2FURYW4BjuxTtdrpfU3vkZI2tjCkiO6%2BkFn0yuBZKsgJHOZPBf7%2FKsF4iZoHiYGOnd%2BTI094yNUJ0OT5HmtQnYrsUW1EkjN1ItTyt7QcIzXk%2F8P5mGIlYGI%2FrHavF9CbLLk8q%2FDn7lfoOrzsIshf429%2BSRplSm55uaQ8sVs8zEkn7chQ3wGC0q8LYhWtGCUSXglOqCltVmxDX5rfsN14r85MhT%2F1mO5kWB1ZZDYxxntGe4J9Z0N3qEhnLGJD%2FAso1njEWo%2FeAnIBmqyoUDebtnedkHWKtCcc3WTa9nbbC4iCRBTBmIw1Cfs84SxkKMX3RQmHZ49QYSS07f6BFxl%2FtojTYNlxnpjrorlIO7AVdgm%2B3n2Ey1H2tr3%2BFVFTu6oN4Qocl2PFrFKri%2BpJi19fhusUAJ7CBZQy7LbZrdwiAFaK4FfY1EHA4aqXB8R7vxWsVI9jPjEq2HkanynaKg9wSJbn99nQxPwfWHMScMkre1pjffaPyE0ZHqYhjYH77hSwTaZTpxzjwWdz8Ilm2WHb2a80dKMO211UlPsmmAKoZTI0vaWUeOxST1wHjo6QGf%2F5682Ojk8hPG7O%2BcbKdvkDGJD4TZdPha4qd8faZl5%2F%2FGloA9I%2BpWv%2F1IqNVSuonHHzUNgDn%2FpsmnxuDqT2hD1aNbaMNFyCM49yvTVQTrTjzTzoP%2BUhBWEakSLG2HVMcNE9W1ksBOgyL1FfSxsNYDc75rXnXIqi4QXvavy%2BQY4XcCkyTJxVNwwOQBJ8DbYx0kFM31mY4zztIY8%2BXwNn9tE63fNkbJgdrrkHvO2tBJdG67vKiy%2BjzQ3FZbRZtdas1w5Fbl28QLtjoHttZCVbZ43ZPffceiBknKHQIxp7G3CViOBoVUNmH2fLDaBB8s4mvaYcfCC8P%2F7NNQis9oXga6hPMCxmnDMqwNvtIRWb%2FTC23Sz3Mp%2FPw5%2B3e2xZZlyGxul5gNayzvsAgafU8NzxYYYHHQP9UgcGPo1UM0TwkuQT%2BnGRx6MyuLCKsK3G9iDT%2BaJtIRWb%2FTC23SjDf7J0JQdemSG83xD3IhWUR1bVTSG03vRJc%2FLZ%2BV5mSNgbk24xemSLfinEq8OAtD4cnQDJoxaMagJE54e44Pq1dNrty2%2FwOQYTRsEjlh9veevNjo5PITxrAuARtLhy%2FocqGEozl9aB%2FToGnaSxrlkqDkZ3rGOyRKKKlnUfcEGTmprRDZuT0jGJ7Bm%2BBwnKcjt7UuPvwm46UFjZoCkYZW9OrQ23ZNLAIke1NO%2BySoTTgOKoDhymA4cvLAVKUYLHx%2BOWsFhaJYf8UsMVD3Fw%2Fp6fbYJRf%2FmFE9EWuH0e7rhsbhxHO6zjBucGB%2FyqlFsScZJjz7RgHsvd8KTY%2Bnee%2B6vpIbzfEPciFZXoYMuLz6P9w5wcNYgq%2BX47TnOH6%2FniPkwgBn1Pxgeuc%3D,59,,灵动创想小黄人盲盒公仔毛绒挂件玩具Bobtimi熊玩偶手办摆件周边,灵动创想旗舰店,广东 中山
//item.taobao.com/item.htm?priceTId=214782e017200105543155940e032b&utparam=%7B%22aplus_abtest%22%3A%22c0e0ff28ba515d45ee72daea8b9b38c3%22%7D&id=755126924837&ns=1&abbucket=3#detail,52,,MINISO名创优品小黄人Bob+Tim系列Tim蒂姆吐舌头毛绒公仔背带款,名创店铺,广东 深圳
//item.taobao.com/item.htm?priceTId=214782e017200105543155940e032b&utparam=%7B%22aplus_abtest%22%3A%2243bb1960738efe3c4ced20e398fc434a%22%7D&id=771567520615&ns=1&abbucket=3#detail,47,,神偷奶爸正版小黄人公仔儿童毛绒玩具抱枕可爱布娃娃玩偶生日礼物,软萌宝贝小屋,浙江 杭州
//item.taobao.com/item.htm?priceTId=214782e017200105543155940e032b&utparam=%7B%22aplus_abtest%22%3A%2282cb2eb3c82f37c2ee66b1532b38e300%22%7D&id=719722349590&ns=1&abbucket=3#detail,89,,正版神偷奶爸小黄人公仔儿童毛绒玩具抱枕女孩萌玩偶娃娃生日礼物,礼品抱枕精选店,江苏 扬州
https://click.simba.taobao.com/cc_im?priceTId=214782e017200105543155940e032b&utparam=%7B%22aplus_abtest%22%3A%22dfa71dd88645a0e16201e686b580e1dc%22%7D&p=%D0%A1%BB%C6%C8%CB%CD%E6%C5%BC&s=1369291157&k=1549&e=ifeTqq1ji6rH3aucF%2BB%2FOk5HtapRkxAzQGfnyV9w%2FGUFA3FTFomO1zeHvnBoJp4usIAaSm0ny69Kx86a2mqKwFifT0SWg%2Bn8OGwvLjG7xuoZI2tjCkiO6%2BkFn0yuBZKsgJHOZPBf7%2FKsF4iZoHiYGOnd%2BTI094yNUJ0OT5HmtQnYrsUW1EkjN1ItTyt7QcIzXk%2F8P5mGIlYGI%2FrHavF9CbLLk8q%2FDn7lfoOrzsIshf429%2BSRplSm55uaQ8sVs8zEkn7chQ3wGC0q8LYhWtGCUSXglOqCltVmxDX5rfsN14r85MhT%2F1mO5gDoKyrrBDQt7xs%2BmwhPOQlbk88QotcVD2N5c%2BVZA8WpWDDbEJ5%2B2qp01pMT9ynlQmGlw9clCQyvONNLXjKCtdFz0GPYukwOPwb9puimP%2B4b59RV0a3zpmRxAqfS8pkNwBnpJQEHZjddIlwZfpTILz5UAHBwLCiFwLctowCVq2vIvTjtms0OOA7IuuKZ%2B%2BxLrTo1U962rZfug4PeVDMy7VVfKl5m4kBoo8gF1ZrfQ4rKFUGhCteSR87Mt3dJdeRQQbeQ79vfFDPh7npYpYReyDsMUugCOiao8UxHZmLJviUPwUkNyckFIPTvNwfT5taWzPOtTBlqZ4BwsPRPuRq3sGxf9260eNc4D3LUzclRjxHBqMJp5Rh8AVraacHj02k%2FQlnEci8b4B6XzoijRNHQuaK9S7J7dxoWW7h%2BgkhYfSAUZpO0TphaGK6hfYZaSKrtO%2BWJJ6%2BM8MT6g1U7n4zGFF9WqBjRCA3fhUmRYFixE5NyKsL6AswArkdMuxQjOlq7QEpd7I8SsI8Dw1SlHLel4dawB9s0zgxo8rqnWdWJfNuV8FMwY7jypxpQIraSli0rYoWOnaHjaWZOM98VUfT2sdZkl8S2LbHwqy4uAp8pauiviKnZM5xwT49Xul8x4mWhIOCaN%2BDxG4cl4P%2Bmr9kPNTNqkMJJPmee%2BgFIdro0HIWAZUqrL4%2BnrrVCBpxSfiDe0Zl7pz3PiOlAxSqT3%2BLlGJIslWCCJYIyoNdcgjCp0YsGMJsTT%2Ff1UZajvTjUuvmMVwVH%2BV4jima3tGowlJku%2F7wbakKEZ4xiGGMqqHxc4fhrbrV%2Fi02BhyQXvGCUHtwnZoIM3ah0tU5ravsDCNhKq36PXucBeYs4S5Po5oHy3S3xCPW6KgUV3QgPHbrabpP9rBbln4vQqIEQ8jGdUfqopsvMp1XqT0wyXmgmoLsY%2FO5OI853ktWR0lfrZSE9qHUbsIasF8Ym4MvAqqzyY3Lb7TJX4c8U%2Fbjz%2BBf2nACODhoavSmUPgGE%2B1c4K2lUl78LdgtM78Gt3ZiZELSrU4k90t17OsSo%2B8T3Q2aTtE6YWhiuy9e00Ui8qOF3PwiWbZYdvZrzR0ow7bXVSU%2ByaYAqhlMGPs8MPnUcAQ5SJhL0h512Zow8YuLallxjeXPlWQPFqezvnGynb5AxnYVahBF06SnANLYkKtDTHwb9puimP%2B4b0L0fcHs9DUT%2FhYipaTK%2Fst%2Fr%2BZ8mG8qi2wr5qxVgjvg%3D,49,,环球影业小黄人可爱花朵毛绒盆栽公仔毛绒盆栽包挂,环球影业旗舰店,浙江 金华
//item.taobao.com/item.htm?priceTId=214782e017200105543155940e032b&utparam=%7B%22aplus_abtest%22%3A%229e362d9ebf75e5a8d4d421a5c1e8861e%22%7D&id=735140824425&ns=1&abbucket=3#detail,35,,日单USJ小黄人鲍勃tim蒂姆小熊精致可爱儿童礼物毛绒玩偶玩具公仔,谜尚爱家,江苏 苏州
//item.taobao.com/item.htm?priceTId=214782e017200105543155940e032b&utparam=%7B%22aplus_abtest%22%3A%2298d52cdb4efddff0ccac4ae9dbce3ef3%22%7D&id=782141453820&ns=1&abbucket=3#detail,38,,小黄人潮玩手办摆件神偷奶爸可爱大眼萌公仔盲盒车载创意玩偶礼品,紫竹小店,浙江 杭州
//item.taobao.com/item.htm?priceTId=214782e017200105543155940e032b&utparam=%7B%22aplus_abtest%22%3A%22b4ea66bf20d5996b965d5f179ac81bb8%22%7D&id=757658350630&ns=1&abbucket=3#detail,40,,POPMART泡泡玛特 小黄人中国行系列盲盒潮玩手办童趣玩具礼物摆件,SP正版盲盒店,浙江 台州
https://click.simba.taobao.com/cc_im?priceTId=214782e017200105543155940e032b&utparam=%7B%22aplus_abtest%22%3A%22e2a0e799bf66e359bffb8246e1018b11%22%7D&p=%D0%A1%BB%C6%C8%CB%CD%E6%C5%BC&s=1369291157&k=1529&e=CXb1%2ByHPIKfH3aucF%2BB%2FOk5HtapRkxAzQGfnyV9w%2FGUFA3FTFomO1zeHvnBoJp4usIAaSm0ny69G%2By1VGN%2Ff46op9j9I52hIcPMFZKZU3a8ZI2tjCkiO6%2BkFn0yuBZKsgJHOZPBf7%2FKsF4iZoHiYGOnd%2BTI094yNUJ0OT5HmtQnYrsUW1EkjN1ItTyt7QcIzXk%2F8P5mGIlYGI%2FrHavF9CbLLk8q%2FDn7lfoOrzsIshf429%2BSRplSm55uaQ8sVs8zEkn7chQ3wGC0q8LYhWtGCUSXglOqCltVmxDX5rfsN14r85MhT%2F1mO5kWB1ZZDYxxnE77R0BQFhN0yptNtSA1q%2FiVBpzGNOhS2pWxtDnVzLLVGdYzzgYKBvG0et28P%2FS1QjJGp9GMFH%2F7YhG6TPJXA%2BVs6zd5WK6A7PnJNgJhCHfZ%2FVuXLrFPJz87M1%2FGHs0xqWs5O3hG7D856%2BtdQcdqg%2FfbKQ4QjClCQKri%2BpJi19fhusUAJ7CBZQy7LbZrdwiAFBC%2BoIpTwPNFnz%2FyapnSc7m%2BcZwJNvU6mj2UDI53TmHF%2BPCcYICCtgGIyHdMKY%2FD0j9jMcN3Gq9ZEgm%2BgLyJa29CcIkNhoqsqUmZdEbgLzUXmWHR9Vjnxjf8ps%2B%2BtOEhiz5FqsBU0wnBBm5FIVT65zyj2YkMZ%2BZb7HpZiTLWiYi7gx%2F3oQTQxA5mtciRxkv1%2BcxZExEAx0ddE%2Fb1%2BrvHYGuDERNKZYjGASzYSIYpiN2DXVZgRrrFvtiMwIUpcMk6KB8%2B7fYXR9CuaZP8ivg8n4sgbyn3a1HBaec%2BbTu5SZEYl0ERgvyG9Ya%2B2ENK5r2GLUY%2F2cvkqZBpigfQ%2Bmvh8u45AWYkawLkQWwn6NgJj14EOneTjE3lntD4TwgO1%2BHqkP9GznCP8eJiS%2BelDahYhbSE0ulsWKRbfE6wgg5hPFNTF2M0tXk6XIEtd9jZ%2FIUI43obOUTtkImzltsfb0XT0d6g0OXtHla9bErmF9jXlnVjuFh6DhBsKlmo4AF%2BltbY%2FtyIa%2Bl%2B%2F4XRpXs4Cwu5sGrCypNZoe03LL8zIvUBsVmWF9WOVWJegfh2OJqf%2BsNHV2dqyApYcN98ZHHozK4sIqwrcb2INP5omDGmrkeVaEhavY7XKIHVLuG2xYG8f0htSnhqCAo2GW4JElz8tn5XmZI2BuTbjF6ZIt%2BKcSrw4C0PhydAMmjFoxqAkTnh7jg%2BrV02u3Lb%2FA5CYuH6HhVWlSpF%2F4EnFx9nmsC4BG0uHL%2BhyoYSjOX1oH9OgadpLGuWSoORnesY7JEooqWdR9wQZOcmB2o0ga5go5BIUz6csKH2KWpjT9XFftHmGTrkkM3Rn8kaEB4GGdLQvA7bVoOXdgRaNxHJ7cHaMxNlg1fVE1X6uwRQ%2BxKNv%2BWW%2FVLEfGUPkCXqTSfmdRDRgKj3k4PfMJsh4m2bt26YswicUc7JOLciDEG0I5KlCxZWSvT%2BIPhHa%2FJsUf0aBr2ZgvWwIDDPvp71XYs%2BQIuuYxoilfFhqVMWAQwoluFUm2g%3D%3D,59,,灵动创想小黄人盲盒玩偶Bob和Tim熊的温馨日常周边摆件毛绒公仔,灵动创想潮玩旗舰店,广东 中山
//item.taobao.com/item.htm?priceTId=214782e017200105543155940e032b&utparam=%7B%22aplus_abtest%22%3A%228c399f237fd84af68fde49e156c8abd2%22%7D&id=797078577230&ns=1&abbucket=3#detail,99,,小黄人鲍勃与提姆抱小熊多美卡正版公仔模型摆件发声人偶玩具声控,班森玩具,河南 平顶山
//item.taobao.com/item.htm?priceTId=214782e017200105543155940e032b&utparam=%7B%22aplus_abtest%22%3A%22f7033ab438dd652b0be7453396de39fd%22%7D&id=797094183184&ns=1&abbucket=3#detail,26,,可爱小熊玩偶小黄人鲍勃tim熊公仔毛绒玩具儿童安抚抱睡觉布娃娃,布谷鸟玩具礼品店,河北 保定
//item.taobao.com/item.htm?priceTId=214782e017200105543155940e032b&utparam=%7B%22aplus_abtest%22%3A%22277287396d832adfa6ac650e5731e0bb%22%7D&id=627441704743&ns=1&abbucket=3#detail,29,,正品神偷奶爸小黄人毛绒玩具生日礼物网红公仔抱枕布娃娃玩偶,品质玩偶品牌店,广东 深圳
//item.taobao.com/item.htm?priceTId=214782e017200105543155940e032b&utparam=%7B%22aplus_abtest%22%3A%22a5187c6372cd4eced4f14a0f9547d5ef%22%7D&id=776156432974&ns=1&abbucket=3#detail,169,,北京环球影城代购纪念品小黄人毛绒公仔花朵鲍勃玩偶玩具可爱正版,北京环球正品代购,北京
https://click.simba.taobao.com/cc_im?priceTId=214782e017200105543155940e032b&utparam=%7B%22aplus_abtest%22%3A%22213feea1f9f9dd7a40343c84f63a591e%22%7D&p=%D0%A1%BB%C6%C8%CB%CD%E6%C5%BC&s=1369291157&k=1517&e=na6GIAL%2FJ7jH3aucF%2BB%2FOk5HtapRkxAzQGfnyV9w%2FGUFA3FTFomO1zeHvnBoJp4usIAaSm0ny69jltyxaK8FmWLXqjAl2pYSOztQX5%2BDWSJqiVYhy2c6UukFn0yuBZKsgJHOZPBf7%2FKsF4iZoHiYGOnd%2BTI094yNUJ0OT5HmtQnYrsUW1EkjN1ItTyt7QcIzXk%2F8P5mGIlYGI%2FrHavF9CbLLk8q%2FDn7lfoOrzsIshf429%2BSRplSm55uaQ8sVs8zEkn7chQ3wGC0q8LYhWtGCUQ5XFetFrOWP9VXwic40VlMWow1U4kCDNEdHhjelHQVBFEAQtdYl2xDDCZO2RdwYTEAWKr8SHQPbuhU7Q3HXryEzPABpdrEl9BrGycPG9Hlho%2BZO6XSjv%2BjWElfrVEJr67SYV7kSL50%2BRSR3HSaxCYqTOkcJXfhqr%2FJOB5XuaVRrVZocO9aFy4qa6bl6vjV0%2Bx%2FAmoZ1rTxepAq7viHazVh6iowfyVJ5H6Zq7Xgbx%2BBqywJ2a6Pi5njid4yoDWPuOBCgC%2Bwse3RnPLTmRQwvLrvazAsKd810B8enTBMQ44q55jyHN0dKM4mupViC16J2aQ4qgOHKYDhy8sBUpRgsfH45awWFolh%2FxSwxUPcXD%2BnpiQSaZJCJwwP%2BQPlI9Pr15yNk%2Fzv9l6ZYx6Raxt%2F2T1AitGogU4qJY39Ke5x7gWao5u214SJd7k%2BAJFtNM%2FxVGZL6wTLM%2BrYgGZGtaCNDFxoegKeoOtwfhME7OtK8iEHO4bghHl8xDkzh%2BsJJOihVEnHoXTSglQclgMvHxno3Mhqv8dGaLrBdx1W2zLK5J8HlH1Qs4MVa459il4NoGVWsYVg5g%2FvKeyKdW6MNlEYZ7vcXpZ6qYSAC%2BHTVGPnsObg2dbFWCdA3bB6xQAxgDTE4lvFlMeTsm5m9FSbNPe8uHLgVRvtGDQoEydEoOuy%2FmqCBNOrEzgcPOmOl4%2Bb%2FEKh%2BPrZpX4Wz9yh7wQWfx8E7wNiCARkS13p6oum5gqZcJ%2BS5cy5maS7pv3tH4oFkpDq3HBTwP%2F2vnRU8rs6Uynhst0CBgZOARY7Gj8ha8jrBp%2BUwIEPvFwZlr7eCARkS13p6ouXdoIKNxsZGhrGWk8zrMgDO18YEJanp00z1G2IJZkCm3%2Bv5nyYbyqKtcLE1bf61iSRTjPYnbOpeOTeyJONJlC3w8Ulwt3Cj6G%2FXoMV%2BFAyg%2FkD5SPT69ec1UvVad8HTHwx8fr1b9ZOQf69%2Bt0PahPzsfDI8jSx%2FdZmwDm6EVDaWHouZ20ocYt7ioWUQRSxZGeVrJ0LeCj42ot9LcE9Ehh0lW167OhWTSbSw2CrSXmkAe9mlOOZ4Rs8s5qPIe1yYF7eRPa1CY3ioAn1DpbYT1m0kXzaIH%2Boj7CPEB93NAjqo%2B1NkpE4wpUrPKr5bBsCgRIUFx90o6gnPwXIUzx2RMT5H4oFkpDq3HBLagAn0qaA36fUqn4ZmYZXet%2BAHPS07%2FzbjloigTtc3GHhmenBLKeM%3D,48,,正版神偷奶爸小黄人汽车摆件公仔玩具创意中控台装饰车载卡通男士,思菲尔旗舰店,浙江 杭州
//item.taobao.com/item.htm?priceTId=214782e017200105543155940e032b&utparam=%7B%22aplus_abtest%22%3A%222824a9a9739357b0f6d22a2d69209734%22%7D&id=777880847322&ns=1&abbucket=3#detail,122,,北京环球影城代购小黄人雏菊系列鲍勃毛绒抱枕靠枕玩偶纪念品正品,菲菲环球正品代购店,北京
//detail.tmall.com/item.htm?priceTId=214782e017200105543155940e032b&utparam=%7B%22aplus_abtest%22%3A%22b14b3be28d2933e6607b41a2bb04d48b%22%7D&id=703209999816&ns=1&abbucket=3,39,,正版环球影城小黄人手办十二生肖龙盲盒公仔模型摆件玩具潮流车载,salln旗舰店,天津
//detail.tmall.com/item.htm?priceTId=214782e017200105543155940e032b&utparam=%7B%22aplus_abtest%22%3A%226ec84a8f547122a48f027a6e07f4c0f9%22%7D&id=558399612278&ns=1&abbucket=3,39,,正版授权神偷奶爸小黄人竞技滑板车回力玩具好玩可爱公仔模型礼物,玩悦计划旗舰店,北京
https://click.simba.taobao.com/cc_im?priceTId=214782e017200105543155940e032b&utparam=%7B%22aplus_abtest%22%3A%22aa9bb3ce8e78ebee31e18f25ab457f37%22%7D&p=%D0%A1%BB%C6%C8%CB%CD%E6%C5%BC&s=1369291157&k=1517&e=u1tOzIdL2PLH3aucF%2BB%2FOk5HtapRkxAzQGfnyV9w%2FGUFA3FTFomO1zeHvnBoJp4usIAaSm0ny69URRsHMlHZrWv5V88uPL%2FMG23Q0bGwO5tqiVYhy2c6UukFn0yuBZKsgJHOZPBf7%2FKsF4iZoHiYGOnd%2BTI094yNUJ0OT5HmtQnYrsUW1EkjN1ItTyt7QcIzXk%2F8P5mGIlYGI%2FrHavF9CbLLk8q%2FDn7lfoOrzsIshf429%2BSRplSm55uaQ8sVs8zEkn7chQ3wGC0q8LYhWtGCUc3ijZbbavH37%2BcSZB2h59rUsD7MyrgXwJaQ0vA%2BK04LdwAgrOSrKm3O%2B93ocjmJH48iYuOB%2BMfYtuN49cOYNxIJwtmjZM4VEuC6BxoP6C93siEsl3jl8Vz04x%2FUQ1u3LArwCAtGRn%2FkMWq3Xvl0vTXHsq%2BqkMyhfZKw0bfbu3HV4sx8497X5aJefDe5AwOPNCtuxJJip72rmsn2qX%2FkBxoRixnE9eA94d1PYRmjVlZ2CACngKGNPe7chb7erSoIHmEt%2BEgc3EAgfsRiPq5%2Fpu1AKRXFxojLnbd0338W5c8mdCI83Y5JBPS%2BCPX2hmqFOxaNxHJ7cHaMxNlg1fVE1X6uwRQ%2BxKNv%2BQSophOuSADmXz4Ivxw%2F7ViDwP%2FGuLdI76f7FRScgeanEYRA1XmjaQjxEESA9ol%2BkRqKtD788BYDNJRrR8FkFiJhIoOymilO5gsqMedUgdPqmjZXW%2BCbvUHQH3SYPuExtnrHJfmthTge0x9irLQndAo34KDaDeiNhJKWMVobrKtjNduzQlzCVaZnWNbAd5QMn87Q25UGNVNCgI%2F9zGxJvNzwytn6%2Fgz%2FlpcdQfrnq6nW0sM%2ByyynJZkAWepXOrS4lrMka%2FaaRMYVeg0HNTYDKmDKIKdo5Tj7sw9jYMaxLm0wdoBANtgcZzJ0gnOA5fprYLamobd476W7xgCOBJuHv8OASS6yTUWJzvOQB%2FrhiYDTnInAPZgEhTqPImLjgfjH2MPuLvXAqFANP2J6Ksj%2FYlrgugcaD%2Bgvd3vsc5wLYp6lsokDdwv5vVlh%2Fflh5%2Fj%2FJMha8jrBp%2BUwIEPvFwZlr7fzA%2FVZsRsBby4NHF6Q19RiJElU5cIeHgou%2F9OVkDqU7Uz1G2IJZkCm3%2Bv5nyYbyqKtcLE1bf61idL2uwUYOwbcOTeyJONJlC3w8Ulwt3Cj6Dv4xJyUCnwplpDS8D4rTgv6IDZDKDFXxgx8fr1b9ZOQf69%2Bt0PahPzsfDI8jSx%2FdZmwDm6EVDaWHouZ20ocYt4lYVrecx2GoeVrJ0LeCj42ot9LcE9Ehh32KN06Q%2BwYEiYBcAa%2BuhKOe9mlOOZ4Rs8s5qPIe1yYF7eRPa1CY3ioAn1DpbYT1m2g%2F2iPlUFXVCafarbGaDte3U9hGaNWVnaFIUF4MUccjWkOY5i7qVOGJr0hHOSfT4xG7iTh9Y45HVZhVViiePol6fUqn4ZmYZXet%2BAHPS07%2FzbjloigTtc3GHhmenBLKeM%3D,38,,小黄人手办桌面车载摆件全套神偷奶爸公仔模型模型玩具生日礼物,鼎乐玩具旗舰店,浙江 杭州
//item.taobao.com/item.htm?priceTId=214782e017200105543155940e032b&utparam=%7B%22aplus_abtest%22%3A%22ebd13fbcfb9cad8a5f614c363f13d5bc%22%7D&id=780402668920&ns=1&abbucket=3#detail,98,,环球影城小黄人鲍勃毛绒玩具公仔玩偶睡觉抱安抚娃娃大号生日礼物,宝玩阁,北京
//item.taobao.com/item.htm?priceTId=214782e017200105543155940e032b&utparam=%7B%22aplus_abtest%22%3A%223962b20856af8849b362ebc0e92ed096%22%7D&id=744987885094&ns=1&abbucket=3#detail,126,,北京环球影城代购正版小黄人鲍勃大眼萌居家毛绒玩偶抱枕靠枕靠垫,追风环球代购,北京
//detail.tmall.com/item.htm?priceTId=214782e017200105543155940e032b&utparam=%7B%22aplus_abtest%22%3A%22fe5cc77f423481e9fa4479e4523ceded%22%7D&id=779363605807&ns=1&abbucket=3,105,,正版神偷奶爸小黄人公仔儿童毛绒玩具抱枕女孩萌玩偶娃娃生日礼物,奥乐龙旗舰店,浙江 杭州
//item.taobao.com/item.htm?priceTId=214782e017200105543155940e032b&utparam=%7B%22aplus_abtest%22%3A%22dc40dd7187118756d7f4b00fce0b37f6%22%7D&id=684580112266&ns=1&abbucket=3#detail,9,,正品卡通可爱小黄人十二生肖盲盒公仔车载钥匙扣女孩包包挂件吊饰,果冻潮玩,广东 广州
https://click.simba.taobao.com/cc_im?priceTId=214782e017200105543155940e032b&utparam=%7B%22aplus_abtest%22%3A%22b247130e7aa4d4f193ebc924c5f4f304%22%7D&p=%D0%A1%BB%C6%C8%CB%CD%E6%C5%BC&s=1369291157&k=1569&e=ZJm%2BIxR52tHH3aucF%2BB%2FOk5HtapRkxAzQGfnyV9w%2FGUFA3FTFomO1zeHvnBoJp4usIAaSm0ny69Kx86a2mqKwFifT0SWg%2Bn81PF9Jgu7761qiVYhy2c6UukFn0yuBZKsgJHOZPBf7%2FKsF4iZoHiYGOnd%2BTI094yNUJ0OT5HmtQnYrsUW1EkjN1ItTyt7QcIzXk%2F8P5mGIlYGI%2FrHavF9CbLLk8q%2FDn7lfoOrzsIshf429%2BSRplSm55uaQ8sVs8zEkn7chQ3wGC0q8LYhWtGCUbwk0VgwPMoZz%2B0reQqjQTsH7h3sbgy8FNDiL%2B4ByTm77%2BcSZB2h59pS9WTe1ZFtlNU6mvrnInSLYnksYH73d2g1cx9pHT2jw0HYYPmIw1SR%2B2GSMhI8SMBZ%2FGXufGkRzwiLr%2FeFd%2FEbGpO3SfXyl%2BVVwth4hXPROn3iJcylqToIw%2B%2BfUG8KJ5ydG3rFXHxcuO%2FhN1GZpIf0pohsBvhENINviCzM6cJ24JrpuXq%2BNXT7H8CahnWtPF6kCru%2BIdrNWHqKjB%2FJUnkf3FED5fZA3Kc%2BK8W8UaQGLNt%2FrxWuk9jgO9OnEjp68Hs%2BeBNbxwimE03OLIKIKFofpjffaPyE0ZF6h2NguUMknYHxLAe5oLtCdz8Ilm2WHb2a80dKMO211UlPsmmAKoZTI0vaWUeOxSSsxNXghiv5%2FCqLLiixRnCI7O%2BcbKdvkDGJD4TZdPha4tPjXmo9xjxbhQQiLXczJT5ZaKPbSmCQxmCCIZyO81tkvjcoHMZCxshbaMNFyCM49yvTVQTrTjzTzoP%2BUhBWEakSLG2HVMcNE9W1ksBOgyL1FfSxsNYDc75rXnXIqi4QXvavy%2BQY4XcCkyTJxVNwwOQBJ8DbYx0kFM31mY4zztIYcIcHHkw%2FhMRt02VOFN23tlcGd9GT371niza8CTZbhauzJGv2mkTGFXoNBzU2AypgyiCnaOU4%2B7Pz3aDnIrmUynaAQDbYHGcydIJzgOX6a2C2pqG3eO%2Blu8YAjgSbh7%2FDgEkusk1Fic67i97m5xW4u4Y7lU%2BY%2B6%2B1BGXsxAYZfO2%2Bx8Ytf5aNY%2FcwQkZ6jwiDpKuNstLwlKgq9Lyvch1VnuuK24%2FyU249McLsFjqrf3oNG1KAhzQR5HnXqHI15ZOPJ8wqwqdc1uXtwnVZIMzEKqYmqF3I6%2Fmda3Kvm6a5wdazK7yfClt5a8aIpXxYalTFGbx5yE%2FUB5YnWp%2BJhzog0%2FRiL1HDSxUN8eS%2FwIzbxriKzgcNhNtQS%2BlYMDjOzfEp84iJnojXG8op5oHQl7kFJqh87iJs%2BGclyFryOsGn5TBktO4rKV1VxYT4MXC9VdS%2BjAQolzVRk4lSl1yXEtoFoWKsw%2BKUE51r0a5R9JyglIlwCIvcCaanBO83B9Pm1pbM861MGWpngHCw9E%2B5GrewbF%2F3brR41zgPzmvNh8OJZNjjAKYLEyDQp2J5LGB%2B93doxxCw2AvKITpFv1k9bctHEovmIe8rSbeIvSuTspXhyi%2BNEVkry7Ce%2F8Y3lIV13dIYIE6u9d8lwqBY2XWVLuYdG7LhMdUSqDHz,49,,环球影业小黄人agnes艾格尼丝otto奥豆毛绒冰箱贴磁吸设计动漫,环球影业旗舰店,浙江 金华
//detail.tmall.com/item.htm?priceTId=214782e017200105543155940e032b&utparam=%7B%22aplus_abtest%22%3A%22d6e7575b68da1a9ac89b6c40de71d0d9%22%7D&id=586947003570&ns=1&abbucket=3,48,,多美环球影城小黄人公仔合金人偶动漫模型玩具手办收藏摆件正版,kidsland官方旗舰店,北京
//item.taobao.com/item.htm?priceTId=214782e017200105543155940e032b&utparam=%7B%22aplus_abtest%22%3A%227b55613f00911e646c736ddc468241dc%22%7D&id=788578576237&ns=1&abbucket=3#detail,36,,神偷奶爸小黄人公仔儿童毛绒玩具抱枕女孩萌玩偶娃娃生日礼物,户枫17,山东 临沂
//detail.tmall.com/item.htm?priceTId=214782e017200105543155940e032b&utparam=%7B%22aplus_abtest%22%3A%22a1d07baea5acf59dca30bb8a97d5c64f%22%7D&id=710233062984&ns=1&abbucket=3,29,,正版小黄人大眼萌不倒翁会发声盲盒儿童玩具生日礼物手办摆件玩偶,漫博潮玩旗舰店,广东 东莞
https://click.simba.taobao.com/cc_im?priceTId=214782e017200105543155940e032b&utparam=%7B%22aplus_abtest%22%3A%22ddf8add6bb76787360db588d64821e30%22%7D&p=%D0%A1%BB%C6%C8%CB%CD%E6%C5%BC&s=1369291157&k=1517&e=zVQtX53u0tzH3aucF%2BB%2FOk5HtapRkxAzQGfnyV9w%2FGUFA3FTFomO1zeHvnBoJp4usIAaSm0ny69URRsHMlHZrWv5V88uPL%2FMuzBOdUh2M30ZI2tjCkiO6%2BkFn0yuBZKsgJHOZPBf7%2FKsF4iZoHiYGOnd%2BTI094yNUJ0OT5HmtQnYrsUW1EkjN1ItTyt7QcIzXk%2F8P5mGIlYGI%2FrHavF9CbLLk8q%2FDn7lfoOrzsIshf429%2BSRplSm55uaQ8sVs8zEkn7chQ3wGC0q8LYhWtGCUSXglOqCltVmxDX5rfsN14r85MhT%2F1mO5kWB1ZZDYxxnVcqFgLGS2MSwfMnHGn%2BOMXnupvnsI4h4Mif4IF4iyvjOFBLYKODCOJt%2F4y6ynVfTxxr%2FskRnwjxcp4Jv1DuznZ5znlTh9e7si1nb6FtMj0N%2FWK%2B80yf2P42RZoQI3vALWyPuXNki7UYT7MU7%2FEv67hRISFP3%2BXCoKri%2BpJi19fhusUAJ7CBZQy7LbZrdwiAF7%2F2uPuxArNyn69sUzYZM8W%2BcZwJNvU6mmdEpQ6UWnctAH8ZE22%2FnQanjBzoGwOQZd4a8MytC0mMyYeCNjCiqtqAIWgfESvSh3PfkQP8kqPDywFSlGCx8fjlrBYWiWH%2FFLDFQ9xcP6eniPOOd67GUNy3Cw%2BaY2CIS0IMMkgCyl7jHpFrG3%2FZPUE%2FLeBTtTsl2BVayB7vDUfzm7bXhIl3uTzAVGZ7yzrF9wzloHnXgAkmaNldb4Ju9QdAfdJg%2B4TG2escl%2Ba2FOB7TH2KstCd0CjfgoNoN6I2EkpYxWhusq2M127NCXMJVpmdY1sB3lAyfztDblQY1U0KAj%2F3MbEm83PDK2fr%2BDP%2BWlx1B%2BuerqdbSwz7LLKclmQBZ6lc6tLiWsyRr9ppExhV6DQc1NgMqYMogp2jlOPuzD2NgxrEubTB2gEA22BxnMnSCc4Dl%2Bmtgtqaht3jvpbvGAI4Em4e%2Fw4BJLrJNRYnOFQVCeIdzdXd4T067Duy3xCbFC%2Fv%2BKw391K8GqrRAphA%2BSY40kmU3ZMKwH51RnkydXvkUzcqgf9KyiQN3C%2Fm9WWH9%2BWHn%2BP8kyFryOsGn5TAgQ%2B8XBmWvt5qxWOiQpjotxOTp3gHwLP6Ksf5o8cmjY66xeWmdnVgJTPUbYglmQKbf6%2FmfJhvKoq1wsTVt%2FrWJ0va7BRg7Btw5N7Ik40mULfDxSXC3cKPoO%2FjEnJQKfCktwsPmmNgiEisXtRM%2BcK2MDHx%2BvVv1k5B%2Fr363Q9qE%2FOx8MjyNLH91mbAOboRUNpYei5nbShxi3tbLJObzJuhDt7UuPvwm46UFjZoCkYZW9B6a766eSBRR%2BcnduEE92VOu2W1frmjILC%2BhrH2Bn4WJrJphvRq4ajsdDcl%2FgySdXJC55%2BuYm7uWgDyULdgIk%2B6UBdMBaGmBkn97hhrqEww5mrFY6JCmOi0DqdSLTNGvI3bh1tj5uqWsfna5GrxiEXDH3J0HDf%2BOIpW7dchRdOBUO0TmZQvNlqY%3D,38,,神偷奶爸全套公仔玩偶模型小黄人手办车载蛋糕摆件盲盒创意礼物,鼎乐玩具旗舰店,浙江 金华
//item.taobao.com/item.htm?priceTId=214782e017200105543155940e032b&utparam=%7B%22aplus_abtest%22%3A%22565f64a233c18fbccb4ce65658580cee%22%7D&id=779596544487&ns=1&abbucket=3#detail,42,,多美环球影城小黄人玩偶动漫周边手办摆件发声公仔可动礼物玩具,智乐玩具MALL,广东 东莞
//item.taobao.com/item.htm?priceTId=214782e017200105543155940e032b&utparam=%7B%22aplus_abtest%22%3A%223855fd4d484776b3c6249550f65a0237%22%7D&id=540792818339&ns=1&abbucket=3#detail,58,,特价日本环球影城正品神偷奶爸小黄人毛绒公仔抱枕大眼萌玩偶礼物,亦斯动漫精品,广东 东莞
//item.taobao.com/item.htm?priceTId=214782e017200105543155940e032b&utparam=%7B%22aplus_abtest%22%3A%224d368bc9f93ba474f05904bb33769893%22%7D&id=682600672660&ns=1&abbucket=3#detail,239,,北京环球影城代购神偷奶爸小黄人毛绒公仔otto玩偶奥托大号正版,北京环球正品代购,北京
//item.taobao.com/item.htm?priceTId=214782e017200105543155940e032b&utparam=%7B%22aplus_abtest%22%3A%22f3ac94a38416897c92d53b6691e40d34%22%7D&id=755039724162&ns=1&abbucket=3#detail,27,,包邮 正品好货 限量清仓！！大号玩偶抱枕双肩包小黄人款毛绒公仔,半球家外贸大码鞋,江苏 镇江
https://click.simba.taobao.com/cc_im?priceTId=214782e017200105543155940e032b&utparam=%7B%22aplus_abtest%22%3A%22d1df04551d2ebefd7bc382c5f0ac2d4b%22%7D&p=%D0%A1%BB%C6%C8%CB%CD%E6%C5%BC&s=1369291157&k=1409&e=5%2FJ3smT1iqbH3aucF%2BB%2FOk5HtapRkxAzQGfnyV9w%2FGUFA3FTFomO1zeHvnBoJp4usIAaSm0ny69YU4izB3e8d%2Fa7MmlcXilX03WX7T0S0lRqiVYhy2c6UukFn0yuBZKsgJHOZPBf7%2FKsF4iZoHiYGOnd%2BTI094yNUJ0OT5HmtQnYrsUW1EkjN1ItTyt7QcIzXk%2F8P5mGIlYGI%2FrHavF9CbLLk8q%2FDn7lfoOrzsIshf429%2BSRplSm55uaQ8sVs8zEkn7chQ3wGC0q8LYhWtGCUc3ijZbbavH37%2BcSZB2h59ojYGXT17sz99AKAoesKRYt0kMd1bx%2BU3tl4V5X0ZGBHEEPtcQ9fH7Ha4WFKiD8uKxUgYUpw1y7zV7xKOjHDTunM44y4CK4qgUMCp8NVM4Sxe8BDAxe0cXCGrAK3mHYWZ0DvLDd%2FmLrtEaJKqkrncuFICy6cD1kd3427ffgS3dlvDlXqGS26MV6k8OhPa4GIM9FLebX1HSNRO%2BYXRh05KGUuPdThhk%2BBoXM6P43QOrf%2BgfvNmtoKA3szx1jNnCEJFwv%2F16mwEYwVlDCi71uQbya9C5sFL9aWXia6PabpzCfWnGWGkri4d%2F9wQ1mhmATe7hSZl0RuAvNRXvZpTjmeEbPoAiBkY5WjTxy1M3JUY8RwYEo83AyZKsmajoeMu9Is7Inov8ts4ASovpimMpQyDeTpMnoJZydIGQWHSPaqpMVpMPvC85stIJbcDsm7BxKp2OVOB3BHyry%2BDPXnU%2BvYzNbONAdr%2BP0LKU%2B4NAkHz6svXZcbsKCuJKVGctP71LYVzM78%2FrYMjfdZPi%2FOAujvGjlhUhLG0HYtHE2xmBZN%2FYhB5YDYzKkt62cm6GNRRhfyZXCrDSL86CPVALq2qhcgsr1B%2Fmg9eAd0bRUJ93B1UGkvzs1%2FHgFs45X00Hz6%2BPn33IJhj3ixrQ7OAaOGLiFvJW1dN4M6Jlvl1%2BsYnSrudJ4F5l7pz3PiOlAPF7PwcOuY6XRrsN9d6tNvtgN%2Bx0b1GaK4%2FgQGMegTn%2FWXP7qjERhx0IZo5QiGFpp%2BlsvYUDVJnIgkU07WHmDyFO39LaBa1H7snXyNGA3bBv1hn%2BTrnb1f8PLnOgujU2q3rfgBz0tO%2F8245aIoE7XN%2B7VpxHbEfHudjqluy23XRjboy4ZMQJqTTpdmUKWrcFu5%2FtveYRwH27hGlq087U0a1NGYdnZL4Kja38Nax2W2aBTt%2FS2gWtR%2B4cyqW%2Bxb6bjkHOO%2BODZTlqk1EstKCG7gozmk80TALvApRnYqOUzTZYB%2BycVyQBymKAIgZGOVo08DiqA4cpgOHLvNwfT5taWzFIraaQu1%2FlQ6xoDPwkor9JgkHirQQdZxuRtXEwNwJrl%2F4WIqWkyv7Lf6%2FmfJhvKotsK%2BasVYI74,108,,Funko POP小黄人玩偶玩具手办公仔周边盲盒摆件神偷奶爸4联名车载,MINDstyle旗舰店,广东 东莞
//item.taobao.com/item.htm?priceTId=214782e017200105543155940e032b&utparam=%7B%22aplus_abtest%22%3A%22b2fea44f2cb59147806a3ac783ad1efd%22%7D&id=803683898916&ns=1&abbucket=3#detail,25,,小黄人玩偶神偷奶爸抱睡公仔儿童卡通毛绒玩具抱枕生日礼物女娃娃,元气小果汁,广东 广州
//item.taobao.com/item.htm?priceTId=214782e017200105543155940e032b&utparam=%7B%22aplus_abtest%22%3A%229673d80de1e8479a402571873f9115a7%22%7D&id=777905416378&ns=1&abbucket=3#detail,150,,北京环球影城代购小黄人雏菊系列鲍勃玩具9寸毛绒公仔玩偶正品,大雯儿环球正品代购,北京
//detail.tmall.com/item.htm?priceTId=214782e017200105543155940e032b&utparam=%7B%22aplus_abtest%22%3A%22210e93cebb6ca425ce02350aba0f2ebf%22%7D&id=748330659473&ns=1&abbucket=3,159,,【88VIP】环球影业小黄人形影不离毛绒公仔生日礼物周边玩偶,环球影业旗舰店,浙江 金华
//detail.tmall.com/item.htm?priceTId=214782e017200105543155940e032b&utparam=%7B%22aplus_abtest%22%3A%22f12f407873670da8d2667961e50f988b%22%7D&id=712735342397&ns=1&abbucket=3,49,,环球影业小黄人静态经典系列公仔动漫爱摆件玩偶饰品（单只装）,环球影业旗舰店,浙江 金华
//item.taobao.com/item.htm?priceTId=214782e017200105543155940e032b&utparam=%7B%22aplus_abtest%22%3A%22a4ba335a2eada514c73f100c7d07ac1d%22%7D&id=706707045560&ns=1&abbucket=3#detail,264,,北京环球影城代购小黄人鲍勃和蒂姆tim毛绒大号公仔玩偶周边正品,菲菲环球正品代购店,北京
//item.taobao.com/item.htm?priceTId=214782e017200105543155940e032b&utparam=%7B%22aplus_abtest%22%3A%223a4fa9511e1b25a84227fa03ffbea453%22%7D&id=701789475663&ns=1&abbucket=3#detail,157,,北京环球影城代购小黄人熊猫系列鲍勃tim毛绒公仔玩偶玩具正品,舞月家环球正品代购,北京
//item.taobao.com/item.htm?priceTId=214782e017200105543155940e032b&utparam=%7B%22aplus_abtest%22%3A%22b8c4673f1bb8635b215b6b4409633c80%22%7D&id=713731952200&ns=1&abbucket=3#detail,22,,环球小黄人剪标毛绒玩具公仔挂件钥匙扣吸铁石款礼物,Bedillo贝迪乐外贸玩偶店,湖北 武汉
//detail.tmall.com/item.htm?priceTId=214782e017200105543155940e032b&utparam=%7B%22aplus_abtest%22%3A%226f728bc64d28f1fb28ac6250824815f2%22%7D&id=809498648718&ns=1&abbucket=3,39,,正版小黄人十二生肖玩偶公仔精致潮玩手办盲盒室内车内车载兔年,漫博潮玩旗舰店,广东 东莞
//item.taobao.com/item.htm?priceTId=214782e017200105543155940e032b&utparam=%7B%22aplus_abtest%22%3A%227b5227c63f14b889bf2669a8e14023cd%22%7D&id=520418599698&ns=1&abbucket=3#detail,22,,卑鄙的我神偷奶爸紫色小黄人公仔小紫人毛绒玩具恶魔黄豆豆,爱创玩具所,江苏 扬州
//detail.tmall.com/item.htm?priceTId=214782e017200105543155940e032b&utparam=%7B%22aplus_abtest%22%3A%22387465aee1e360ffb8a699e8e270d114%22%7D&id=802467801715&ns=1&abbucket=3,29,,大眼萌电影原型小黄人手办盲盒玩偶周边公仔鲍勃摆件环球影城玩具,漫博潮玩旗舰店,广东 东莞
//item.taobao.com/item.htm?priceTId=214782e017200105543155940e032b&utparam=%7B%22aplus_abtest%22%3A%229f62f8b2e7381400239290b499196bf5%22%7D&id=756842815828&ns=1&abbucket=3#detail,409,,MOLLY小黄人BOB&TIM可动人偶POPMART泡泡玛特可爱BJD娃娃玩具礼物,大眼妹潮玩,北京
//item.taobao.com/item.htm?priceTId=214782e017200105543155940e032b&utparam=%7B%22aplus_abtest%22%3A%22b52b60befb507d7570ada1e2ede8eef0%22%7D&id=756065402444&ns=1&abbucket=3#detail,429,,POPMART泡泡玛特MOLLY小黄人BOB&TIM可动人偶娃娃潮玩手办礼物,超玩铺企业店,上海
//item.taobao.com/item.htm?priceTId=214782e017200105543155940e032b&utparam=%7B%22aplus_abtest%22%3A%22a2c2b5245a61de88a37c53c7e1c4f67e%22%7D&id=654891660457&ns=1&abbucket=3#detail,122,,北京环球影城代购小黄人独角兽公仔娃娃玩偶毛绒玩具卡通正版周边,舞月家环球正品代购,北京
//item.taobao.com/item.htm?priceTId=214782e017200105543155940e032b&utparam=%7B%22aplus_abtest%22%3A%22472ab4546aec47ecad76dcc722de8681%22%7D&id=777840928904&ns=1&abbucket=3#detail,81,,北京环球影城代购小黄人雏菊系列毛绒戒指公仔玩偶装饰纪念品礼物,菲菲环球正品代购店,北京
//item.taobao.com/item.htm?priceTId=214782e017200105543155940e032b&utparam=%7B%22aplus_abtest%22%3A%229c435e7f37ee17a7075db9fc55266ed5%22%7D&id=808072312760&ns=1&abbucket=3#detail,354,,正版小黄人毛绒挂件盲盒公仔玩具Bob和Tim熊玩偶手办礼物摆件周边,Cat Girl 潮玩,广东 广州
//item.taobao.com/item.htm?priceTId=214782e017200105543155940e032b&utparam=%7B%22aplus_abtest%22%3A%22415614e414a02c39e585788686adbf24%22%7D&id=760132049962&ns=1&abbucket=3#detail,41,,POPMART泡泡玛特 小黄人中国行系列手办盲盒童趣玩具摆件礼物潮玩,小雨玲玲,浙江 杭州
https://click.simba.taobao.com/cc_im?priceTId=214782e017200105566366072e032b&utparam=%7B%22aplus_abtest%22%3A%22e461e546c6ab9c01fdeba1fe6d4a64a5%22%7D&p=%D0%A1%BB%C6%C8%CB%CD%E6%C5%BC&s=1972411192&k=1517&e=5LjSdLGHbjj1jkR%2FThSZm8Z7%2FPyQHAkwBU0xW0Dm0I4HvNTbycXCUbVGqpPwiwSk33fySdCnXbNT6yqu3of%2BGmrOKOHCttO8AQcnmbgmnjleWqSKFfsIp2FMP%2Fa6b0XDeYC6Z8LN5bW7P6zmXqHBTNOiazpzI0ngoKnrQGyefzxbcfYbvMgOYwFK2vrpI5MzSaxPUygSldm0JbNhmsnOJANPY8%2FJT7%2BE%2B%2F0u5k7CzuQRzjisk%2BlwpF6pKE8poF7mQlGcgvblCerPdkol%2FUxYes%2BUo3VboppSyjrss2FTnzEt0EdPE8F3wvoIVXWKqfalY7icQ%2FcUT1eOsgAFq8ovtCOB6Tv690lDi46qFMIYc8DdaHwpkpB8oW4vSSPtpB%2BxArELyqnUMcuuAnvssP6n5aSO6XdXqC2FWlZ5aeD%2BKK7WuKDkt%2B2MhZfjMQn%2FJVooKmod5DTNKGIw1T46Cb0irNCK1TeQZtr8gaosaNrf32qY3JdUlrfIqaoYkfKEt9R32ONTmKNAjhvPburkp2BSz%2B%2BM4ccNbUn4IB%2BCJcHnVJWlDQl8ykVNmva1eSC6C8mfhxKQtsHVBfa%2FbntdidcWeiaR4nxmbKRzEGkXMEYgkyqn3lngb3R1a9PhlpniegY%2F6yLJFltNmUTg6Sv6kcvRSZ9mAklVlb8PTWnDJNPNc5QdQHnSxmt%2F%2Bul1cFqQsOazKI1j3wiKPr7Ga4E32FrQwv8WANrRhHw4IJhFlCspvk9u1K5uXrOcx2xHvbDaqmlMSdFRgqhHiiBZwLGw4IzbHDaQVajhRPzCGMEkA%2BHpfKzlEd6RtwknI%2BSYThE53RFifbnyg%2FzagVzUrw8VMRLYJqyWMfzCWmWQdNsuVXbQ9xb47Kb7pex0dqesx3XPFaiGS1aA9HXBJyQIoo5TKldp2oef6cj4tpOSzDmXgTqo2V8snun3WZBuVUm7nHedoWFjl8LT2mFvHb3vaQZU6RyKphNOeK0qOitmO%2B6vTO2YpIvAc1xDHqGQ6A6L5c9FZgbGM77oeLtQw01DaejlFgO3Z5ju9%2BVhEq2zR4WkXRKGqt%2FWd10cg8o1tSn8jiAGzqezikXDxlqCMiTwQdeuUGReeg6L5c9FZgbGgUShVdtckgqFKugM3S5FhEODiuoYEK740M1ePUEZrcI2y8%2FHywpQMd%2FBbDqp9GjGg7n2z1SNTxpARpl4HK%2FKoI0FeO7NRGBDzzSJEFUpQoWfZgJJVZW%2FDxuOagsGahQlyTarvMbWWKwQ7WRjrXMY0b8kMHTFjzolaxffPU9FbdJ0hn1dVDfczGJZpFf4jWQyxf63X3JkZWOC%2FJx9%2Bf8UxCS7zhj2mww9uK7d5NxULdG1YZ9G4zdA3OhP%2BsleSMgEWgVNz8f2nHzSrGMDQ3HYuvdYB23qdKOHA8Yz5MDW7UaJfbYhstTyRR8RGCwwt1iDicpUeHyTC67YMJU8V4n%2BhXplQRzMDx5HbMweIBZ4XkyJYlMVp34XFTbLz8fLClAxoMruE7uXtgo%3D,59,,灵动创想小黄人盲盒公仔毛绒挂件玩具Bobtimi熊玩偶手办摆件周边,灵动创想旗舰店,广东 中山
//detail.tmall.com/item.htm?priceTId=214782e017200105566366072e032b&utparam=%7B%22aplus_abtest%22%3A%22989ee1c679d5fbbbaa14f20c012ed537%22%7D&id=703046749806&ns=1&abbucket=3,354,,环球影业小黄人大眼萌发声不倒翁盲盒摆件玩具生日惊喜礼物,环球影业旗舰店,浙江 金华
//item.taobao.com/item.htm?priceTId=214782e017200105566366072e032b&utparam=%7B%22aplus_abtest%22%3A%22a5207469d5b2e72bae281fa5873c7579%22%7D&id=793601060710&ns=1&abbucket=3#detail,23,,小黄人香蕉睡袋解压神器玩具捏捏乐奥迪双钻减压玩偶盲盒吐泡泡儿,双钻假一赔十,北京
//detail.tmall.com/item.htm?priceTId=214782e017200105566366072e032b&utparam=%7B%22aplus_abtest%22%3A%228e22138affb38ca5c22c05587abecab0%22%7D&id=807087946879&ns=1&abbucket=3,345,,【GSC补款】粘土人 Bob 小黄人大眼萌 附特典,goodsmile官方旗舰店,上海
https://click.simba.taobao.com/cc_im?priceTId=214782e017200105566366072e032b&utparam=%7B%22aplus_abtest%22%3A%22674ad7796fa234aaca005be9c905a744%22%7D&p=%D0%A1%BB%C6%C8%CB%CD%E6%C5%BC&s=1972411192&k=1549&e=klT2tfD7gKX1jkR%2FThSZm8Z7%2FPyQHAkwBU0xW0Dm0I4HvNTbycXCUbVGqpPwiwSk33fySdCnXbPU%2BZHBghfUEao8CgyuGopIvhlAdsQn7p9eWqSKFfsIp2FMP%2Fa6b0XDeYC6Z8LN5bW7P6zmXqHBTNOiazpzI0ngoKnrQGyefzxbcfYbvMgOYwFK2vrpI5MzSaxPUygSldm0JbNhmsnOJANPY8%2FJT7%2BE%2B%2F0u5k7CzuQRzjisk%2BlwpF6pKE8poF7mQlGcgvblCerPdkol%2FUxYes%2BUo3VboppSyjrss2FTnzEt0EdPE8F3wsfDkWcHf9NrXGzZtEzDMM9NLMY0NT1vYbHlEB3zSS1r9Rz%2FYZFhg6VO%2B0eEnXQE7qlL%2Fnxg%2Bli7T7B%2BAvJt4JLijAIFi0MTB26oORaXCXeBZRGvOvKvtyIT6tHM%2FDZrmsrJtJcUoz4OCnnLwlHGn9RJ70zif3vHDQAkjgfmK2t57DNgV5XNT7%2FD%2F%2Fic1bXUCf3v4cCMHiJBJ8J9swkvxgg%2FB%2BFLmA9GI9bXaTMa8GeEepoQGHFzbXa9sw74EHp0s0KlXsNJH8Nl0fBuktBOdCzbnyzB9VOLAuPor28YMM0Osq7R0agnUeJ5gMo%2FtxwpJAZHo2SYYmmYKO4McUdBmQU8lJRw7FqMXSbvlaSkPSIMh5bHRHaeEXEIUvaU4O8HQVFNfEt2lZ7d6B5b2%2F%2FzKW0NP%2FXyHXXdiWgVv%2FTCivhr1IvM4Z3viliny87FqwE6%2FE40m%2BSCOD1GbDBjyvJ9qiohG2eKPosOzMUW4L5L6tAkEc41a15K7K9Dw3jr09n3kr%2FfD9wiuUMF1FYczDhIP2%2BJVSs7NVAUSnr8R15%2FWHaKqinA82IANpzvcUNzcE%2FJF08VwBFLjMoeoHoJKBQVVlxcan1CZW6wEoRVQh%2FgKsyk4HEP79JOCm3IufOLrebg2fiG6lYZZqe8BTmjSFNl0lff0kZoV0NHpKeKmuBWMQTNLpefzwSW7ieV1bGDbKGvgDlJG5UyS9B8QiBWSmq%2BZ7jpEUd8uRqDHo8ViJYtVvitjTl%2BbphpF4ybn06lkPmEfADbIpu1zGflhbe%2BGFKQuE6jRRzitec8BJUFe3CxTxKxtBgm57e7HkQq%2FqDKgzSlCGkoZhxqIr1sISJBnwUbbVQVGIGmqzOCS%2BreQB6YPGl609cK81cwoU3UpB%2BfOlhfcwM49dz0cgwYlr5SgmKkx24zIHjUljmRn25mLunWx3jd575EYa6YYeMvnLhbDp5Tcv0I0KJBvGdozRF5ucnBO%2FrzpZtgFvIBWSPSTMNSGXqO2ahBGuD6NQC1RQqFQlIdGLwztdwcQ%2BvkXlDp6WGM%2BPffnjub1FGvRdSLzOGd74pYk2RC5Ug9eGTQ%2BfdEEx6oFYSojU0qSYH%2Bw%2FcguEfB9M56aQZnhY4FQ6kKw123tX5gPxoUJAEmdYex5RAd80kta%2F6FTIQ7KROwYd%2FzD2k6viXcW8AqZroSM26oORaXCXeBbuwAH%2FkyC65mBcfndblXaybYeZVhFY1%2BdN77pjq1k1A%3D,49,,环球影业小黄人可爱花朵毛绒盆栽公仔毛绒盆栽包挂,环球影业旗舰店,浙江 金华
//item.taobao.com/item.htm?priceTId=214782e017200105566366072e032b&utparam=%7B%22aplus_abtest%22%3A%223fe7c8d70a18d899b9d8e1c824c35861%22%7D&id=760779123850&ns=1&abbucket=3#detail,72,,豆豆山姆代购玩偶布艺超绒玩具AULDEY小黄人大眼萌摇摇香蕉袋套装,豆豆SC全球优选,上海
//item.taobao.com/item.htm?priceTId=214782e017200105566366072e032b&utparam=%7B%22aplus_abtest%22%3A%227834f2c8e992a28bdd6c431920e0ad95%22%7D&id=758698695240&ns=1&abbucket=3#detail,27,,奥迪双钻小黄人大眼萌惊喜派对电影场景系列盲盒功夫小黄人玩具,宝贝乐宝宝玩具,江苏 盐城
//detail.tmall.com/item.htm?priceTId=214782e017200105566366072e032b&utparam=%7B%22aplus_abtest%22%3A%228b43a6aebe93d537ae9eaad4ddfaec59%22%7D&id=785056506503&ns=1&abbucket=3,599,,环球影业小黄人萌趣出行礼包TIM熊透明包小不倒翁盲盒减压玩具,环球影业旗舰店,浙江 金华
https://click.simba.taobao.com/cc_im?priceTId=214782e017200105566366072e032b&utparam=%7B%22aplus_abtest%22%3A%22b3750608ac26334a93204a93b22bce77%22%7D&p=%D0%A1%BB%C6%C8%CB%CD%E6%C5%BC&s=1972411192&k=1529&e=dvr5vT2LwMH1jkR%2FThSZm8Z7%2FPyQHAkwBU0xW0Dm0I4HvNTbycXCUbVGqpPwiwSk33fySdCnXbOns5uEA3vdyxRBYH2VTuU%2BMxl94uerWKZeWqSKFfsIp2FMP%2Fa6b0XDeYC6Z8LN5bW7P6zmXqHBTNOiazpzI0ngoKnrQGyefzxbcfYbvMgOYwFK2vrpI5MzSaxPUygSldm0JbNhmsnOJANPY8%2FJT7%2BE%2B%2F0u5k7CzuQRzjisk%2BlwpF6pKE8poF7mQlGcgvblCerPdkol%2FUxYes%2BUo3VboppSyjrss2FTnzEt0EdPE8F3wvoIVXWKqfal03bosKJdfTfEO2WcpvBsDBzVvmS4Xj2vKhEEFODTBF4CTw11RpT55RFbZR%2FlKWu%2FWluwrplJ5tHjDget3A8HPi%2BuG5HCba%2B1ljR1SA9RShKfZaSY0KZzqx6hYeEyPzgpAVcvyN4eDPLgidJGF1eBY4X41jKVEMN4gaosaNrf32qY3JdUlrfIqaoYkfKEt9R3WNSdbYZ7MXODttAHtKXkvu%2BM4ccNbUn4vkGetejYrPrJC3w4AzCw0UxdeKMSkTaBl6K9zgOpSrX39vduPB%2FTscst2WsOi0vgaOc7Ha2GXVwwnW8xu9CIgDbEE%2BPrIC7a8Yqt18dguEdj%2Fug%2BWWqjKudIwiRaRLhxqvceZOrAGANaemRqUNHrb0tuPYieMNMzU40w0WjXAOJ9OkdqyuVMbV5VI%2FjUvW7kQfKXhT%2F595s%2BIdHIdKlCosQhW4ULEyCvtKQZFeR343uKdMHVCNbMH1u8K6Nz73CRs%2BS2x7k6SyEkmY4A8Rc17GX14PsHYAZJMEQSo%2FNzQsxA6D%2BkCxuoLCam7%2BWpzg873qPjP9f9xwnyJDeq8IYsYhNb6jlTCxrcwL0BKRCpe8SvYeDVyrSNsd7%2FjtxN3LrfcF%2BtS4d%2Foe6%2FDbMb5NXMs8Kzq85ntLL6mQAZhZ7bO56CcccZ6H8cEvRuhNhw3aQ2F%2F0bCVR9jOn5V%2FJf9jfWIGV588%2FpOLVxNzsVkQhBDz%2B%2FX1O1dIbOjQWZc0jJvBmzDZnMGfA6OjANgTAzWqih6oU38QUC1aRX0PoyeEjGLhW%2FJDB0xY86JcgjYaSKve8F2bpAUfaTcekYGAFu1OZWfzBmoueY6OlS3NoS3nBVfNOZ4rKrxzZnkQEcR5WM7Uw30ASrh6qlAtkFrTIQMu22YbpcoVVm7icPlg00Bq1HFByjUsRPojp61WMUh1jNFztIz8awnnEXQKbkZh7ZoDhM%2BGn16NdtDoSm1nn9a%2F4fQkBt%2BCSILl8m9NoXP4qjIiYhj2VE5sBykJ7Bas%2Fl0XUQFJnWMW7G47NXGh%2ByscEJ3BMdcbfQe3ASGfIKaHmpiuPHp95Z4G90dWvT4ZaZ4noGPwUZO8VDO7SanSEEjwR46pAmJSci2p9oLepy5v%2F59LmdSle%2Bg78veEvIr9hKDCoDUmwbDHwhTduhkqqDuNhXfB4rb%2FPuQGBghNYGRJmxETgiT%2BMMLoYnR%2Fte2Swg1SG%2B5w%3D%3D,59,,灵动创想小黄人盲盒玩偶Bob和Tim熊的温馨日常周边摆件毛绒公仔,灵动创想潮玩旗舰店,广东 中山
//item.taobao.com/item.htm?priceTId=214782e017200105566366072e032b&utparam=%7B%22aplus_abtest%22%3A%22531defe7026089ce4cae4968a8c00d39%22%7D&id=747618782893&ns=1&abbucket=3#detail,31,,奥飞潮玩小黄人香蕉睡袋解压神器捏捏乐奥迪双钻减压玩偶盲盒,奥飞潮玩授权企业店,广东 汕头
//item.taobao.com/item.htm?priceTId=214782e017200105566366072e032b&utparam=%7B%22aplus_abtest%22%3A%22466ef0fd37f0ca44f862044643ed9195%22%7D&id=655706203492&ns=1&abbucket=3#detail,258,,北京环球影城代购神偷奶爸小黄人bob鲍勃毛绒双肩包背包纪念品,菲菲环球正品代购店,北京
//detail.tmall.com/item.htm?priceTId=214782e017200105566366072e032b&utparam=%7B%22aplus_abtest%22%3A%22419bf3dc2545106a857fab5f3c9c2791%22%7D&id=805259606956&ns=1&abbucket=3,39,,正版环球影城小黄人十二生肖摆件龙手办卡通盲盒公仔模型礼物玩具,天逸永盈玩具专营店,北京
//item.taobao.com/item.htm?priceTId=214782e017200105566366072e032b&utparam=%7B%22aplus_abtest%22%3A%22ebbdf16d759d20c8e61f686265b8ffed%22%7D&id=801281657951&ns=1&abbucket=3#detail,24,,环球影城 万圣节小黄人挂件毛绒玩具公仔玩偶钥匙扣包包挂饰,大雄娃娃亲,江苏 南通
https://click.simba.taobao.com/cc_im?priceTId=214782e017200105566366072e032b&utparam=%7B%22aplus_abtest%22%3A%2264d34eb41d243c8c18aae623a59ade1e%22%7D&p=%D0%A1%BB%C6%C8%CB%CD%E6%C5%BC&s=1972411192&k=1517&e=ZoPjBXvdx7f1jkR%2FThSZm8Z7%2FPyQHAkwBU0xW0Dm0I4HvNTbycXCUbVGqpPwiwSk33fySdCnXbM1S9%2FpwmAdF%2FRJeRLimSyH0msXgJx%2Br4pgJ%2FooXtmHwmFMP%2Fa6b0XDeYC6Z8LN5bW7P6zmXqHBTNOiazpzI0ngoKnrQGyefzxbcfYbvMgOYwFK2vrpI5MzSaxPUygSldm0JbNhmsnOJANPY8%2FJT7%2BE%2B%2F0u5k7CzuQRzjisk%2BlwpF6pKE8poF7mQlGcgvblCerPdkol%2FUxYeh6rQCvlge%2Ba%2BD7MY%2BORY5o2sJ%2BsBVWb4k3%2FTXnHN%2FftO45PNFCar0GO8YTsjRYzmxLRsjFMlkgKBJbX9hmgMrA3uK095YHL7YNozxwRKTG3HxvA4k73P%2BXIxY%2FUW%2FNYFtqmiG3zzpYg588%2FFPoEyN%2B0ixsrkrfypZcyNsZKsWoVG67n2Rva0B4tgi1h21Z27cfhbq%2Fo1rT2rGmEu6PrjLF%2FIQ9q5oG27QWL%2Fp8wm7bN9GTwCn3WM4BfnaUN6D%2BJ062PF24w4%2Fxur4Epd04YGgW3dahpqQMIY3Uy%2Fa4gZ8CLFvPOeaewXuD%2BtYst5CSaeRTkguJw0qjYRDBlfKEU%2Bo36Fi4TtZVHxSVZJjeYGUYscj2Zxeur0r1pTjLLKgciLvMEHkscmb%2FXRM0ULT3y54cpAI56yYAHNWyc2x4INGd%2BGz%2BFClu7VN7uP5Rsr4VCFJM4e3FP2rWkE3bSF1aTD2QvY3D14VPmsMFWJliBYl7ic2gsVfSyQ3Hm5VUOIYEZguj8yV0SerhVymEo2WvjJUmAiMw5%2F50pKf%2Ft%2BbEaKQrIOaOKr1A3gLhYNJDtSWejR2mjUP0090FHVkia2%2BMV%2BK1cwGlEDgMfTcExbU8EXGjuxuHGdNbVKdGBC47pjaZI5ZNDDpr7jd3xHVb77vMqrJj4xcUbVj%2B2Rf9UswSYxzIVpQ1a9fzBHkcAJtqewb9XkB4%2F2K6yhGx9l65XILUGi1V2aFqH%2FXz2Aln84v2dHTvKRjxufHeXdS97dNVZgHuT83dgQ7JoTfCJAwmgAhbVWXJf6wiEcOOTCMxIxrNBGoUd%2F9iJlNTD7492aFqH%2FXz2AhkLzkE0ZOo8oe16U35AsPMIGsR63W3eiYCyer0LwSYgJth5lWEVjX4u8PuRAwzXAn4zKM3iyB2%2BcJfgOI%2B%2BZRvq8HthxsCOaWeyCsZWxhz5aU4yyyoHIi70Yx04P5MSWVogSv6USXhX%2BBBrA62qHz2KRcPGWoIyJL33C8Oyw4RajuLFaen8ox3bQsqKJbrA21MK5%2FXBEzeJfW1QZKqcUb9st5VMQWqrQPjtj548jy3lS%2F87dD6CxQL3CAjOB2KUX7YeX6aLLjm08%2BxAhuWmCNjXvIlYuz4VBBTWurfG3Jp0r15NSIDB2DQ1kzwWxVE2tpu7UfxcR%2FUDr0GiwzaXbFd7dNVZgHuT87RJG0aBpEK8IAsmLUr9MrmJorYsYLjoDX7O4WrFV5Ya8j7Lpqrde8k%3D,48,,正版神偷奶爸小黄人汽车摆件公仔玩具创意中控台装饰车载卡通男士,思菲尔旗舰店,浙江 杭州
//detail.tmall.com/item.htm?priceTId=214782e017200105566366072e032b&utparam=%7B%22aplus_abtest%22%3A%225bbfcdfda1e353454be91b853ddb96dd%22%7D&id=623219239423&ns=1&abbucket=3,20,,多美环球影城小黄人迷你玩偶鲍勃大眼萌公仔神偷奶爸周边毛绒玩具,kidsland官方旗舰店,北京
//item.taobao.com/item.htm?priceTId=214782e017200105566366072e032b&utparam=%7B%22aplus_abtest%22%3A%22d27e0614f1b2a49e4829facd3e853125%22%7D&id=782449445477&ns=1&abbucket=3#detail,50,,POPMART泡泡玛特小黄人中国行盲盒潮玩手办公仔可爱玩具礼物摆件,潮玩正版集合店,广东 广州
//item.taobao.com/item.htm?priceTId=214782e017200105566366072e032b&utparam=%7B%22aplus_abtest%22%3A%2273277d3b7495b6a2da27c7e4a76c5353%22%7D&id=679101506619&ns=1&abbucket=3#detail,45,,环球影城tim熊熊棕色小黄人tim熊玩偶鲍勃小熊挂件玩具毛绒抱枕,怪可爱的玩具商店,海南 海口
https://click.simba.taobao.com/cc_im?priceTId=214782e017200105566366072e032b&utparam=%7B%22aplus_abtest%22%3A%22b050b13f9d933f12cd6f4db3f56739b3%22%7D&p=%D0%A1%BB%C6%C8%CB%CD%E6%C5%BC&s=1972411192&k=1517&e=mM%2BbWsqaUob1jkR%2FThSZm8Z7%2FPyQHAkwBU0xW0Dm0I4HvNTbycXCUbVGqpPwiwSk33fySdCnXbOrq6F63vdlmYHvEGklMLdn4FvNAIxoYmRgJ%2FooXtmHwmFMP%2Fa6b0XDeYC6Z8LN5bW7P6zmXqHBTNOiazpzI0ngoKnrQGyefzxbcfYbvMgOYwFK2vrpI5MzSaxPUygSldm0JbNhmsnOJANPY8%2FJT7%2BE%2B%2F0u5k7CzuQRzjisk%2BlwpF6pKE8poF7mQlGcgvblCerPdkol%2FUxYelmzYLP49Vx92%2But621M7uWU58h621tbMkTIObZoccrKhuDq4xO7alOMlq%2Bw70NIRBMd0YjAuN8BCWGqWJKBwD0KjSUiRHEXxQ4ZEY8RKxksytNUWXfFiH%2FG23de4oSTflWnzmerhwH4OHPSS%2Bh9tFXKLBXaVv61HCsare9wJcaL2XuYskv2QCV9ZhKPWcBKPV7%2F7K48ONTESZ7TX6fTTM9%2FX%2FsIwAtGxXdQs0GMR8eXJ%2FIknLcCeh%2FCjO%2B8yq0SRZsqGHxiBpJ%2B2HX1gXuxRiYNbqjGbwcPdjsT6%2FnXqD4SIlZ9%2BoMVDrjMCmo6yexMZPIKaHmpiuPHp95Z4G90dWvT4ZaZ4noGP%2BsiyRZbTZlETbqEsM%2BYq%2FwvCEj8IBg0MCq5gMUTzpQrHUB50sZrf%2Fpq8O4CZAXyWirOSDi5hKtiW0BMfZMZZlmIs2CZQt0EMjVA0DPIF4oFbtSubl6znMdsR72w2qppTEnRUYKoR4ogWcCxsOCM2xw2kFWo4UT8whjBJAPh6Xys5RHekbcJJyPkmE4ROd0RYn258oP82oFc1K8PFTES2CasljH8wlplkHTbLlV20PcWpaVcyEsC3dj6LOL64zQ2NEtWgPR1wSckCKKOUypXadqHn%2BnI%2BLaTksw5l4E6qNlfLJ7p91mQblVJu5x3naFhY5fC09phbx2972kGVOkciqYTTnitKjorZv7usvXFRtdmi65PKsKIvt8THdGIwLjfAa9tp9tkHnvUzkLM8%2FL%2BOTwOGRGPESsZLBBfEYlOUnFszewZZ4GXE7LooBD9ZnaOdMxIxrNBGoUd%2F9iJlNTD74%2Fqp9efEUBnLWfSiPHA7nXO1CLLHQlHnwQtLLciMo9tbICyer0LwSYgJth5lWEVjX4u8PuRAwzXAihZQ0YRt8ZGcJfgOI%2B%2BZRvq8HthxsCOaXOV5TINkaFGRMg5tmhxysrNyywQjoyMVVogSv6USXhX%2BBBrA62qHz2KRcPGWoIyJL33C8Oyw4RajuLFaen8ox0iLj11%2FcpMC1MK5%2FXBEzeJfW1QZKqcUb9dRixlz532xAC%2BAMSrovQvS%2F87dD6CxQL3CAjOB2KUX7YeX6aLLjm08%2BxAhuWmCNgNCgwiTl0Y60xWz0JFm3fed1CzQYxHx5ciiZjOIsn2FGzfr%2BfWVXXJhRwo%2BJPDfAxYMewWGO8o1mI0MMucV9KUIAsmLUr9MrmJorYsYLjoDX7O4WrFV5Ya8j7Lpqrde8k%3D,38,,小黄人手办桌面车载摆件全套神偷奶爸公仔模型模型玩具生日礼物,鼎乐玩具旗舰店,浙江 杭州
//item.taobao.com/item.htm?priceTId=214782e017200105566366072e032b&utparam=%7B%22aplus_abtest%22%3A%221f38acdc28bcedb4ad92055242af4703%22%7D&id=769187346422&ns=1&abbucket=3#detail,39,,泡泡玛特15入小黄人十二生肖手办公仔盲盒卡通可爱书包挂件学生开,贝达商贸,浙江 金华
//item.taobao.com/item.htm?priceTId=214782e017200105566366072e032b&utparam=%7B%22aplus_abtest%22%3A%228c7635030a9d4d1ddcf60ced98b9f6f5%22%7D&id=801273010848&ns=1&abbucket=3#detail,58,,韩国代购正品 环球影城 小黄人tim熊包包挂件毛绒玩偶钥匙扣挂饰,社长家正版代购,韩国
//item.taobao.com/item.htm?priceTId=214782e017200105566366072e032b&utparam=%7B%22aplus_abtest%22%3A%2266857255c03d443da067fe1f0d237066%22%7D&id=654372000642&ns=1&abbucket=3#detail,125,,北京环球影城代购小黄人bob鲍勃正方形抱枕床头靠垫沙发靠枕纪念,小精灵北环乐园代购,北京
//item.taobao.com/item.htm?priceTId=214782e017200105566366072e032b&utparam=%7B%22aplus_abtest%22%3A%22584c2db578b2bd04007ed7d43ad2a670%22%7D&id=752587477147&ns=1&abbucket=3#detail,26,,正版环球影城小黄人公仔桌面摆件车载动漫手办玩偶电影原型纪念品,陈先生的玩具屋,广东 汕头
https://click.simba.taobao.com/cc_im?priceTId=214782e017200105566366072e032b&utparam=%7B%22aplus_abtest%22%3A%22502d13694cd77d9eaf3b900a95cb6303%22%7D&p=%D0%A1%BB%C6%C8%CB%CD%E6%C5%BC&s=1972411192&k=1569&e=PY6F6KIVtez1jkR%2FThSZm8Z7%2FPyQHAkwBU0xW0Dm0I4HvNTbycXCUbVGqpPwiwSk33fySdCnXbPU%2BZHBghfUEao8CgyuGopIcuznfCIJLN9gJ%2FooXtmHwmFMP%2Fa6b0XDeYC6Z8LN5bW7P6zmXqHBTNOiazpzI0ngoKnrQGyefzxbcfYbvMgOYwFK2vrpI5MzSaxPUygSldm0JbNhmsnOJANPY8%2FJT7%2BE%2B%2F0u5k7CzuQRzjisk%2BlwpF6pKE8poF7mQlGcgvblCerPdkol%2FUxYepXqXP5u4rBGvgn%2FzqYo0vRe6mDHoVVLdhFsJSDiIuOO2%2But621M7uVUxUhEY2mXOUz5h4UpDHxqHrST5towWyw4wfrLHcOZB1HFDu1YrXCl823ASM4UHtEibXvROxaDilSWIaMFPzLbAtnZ0eIa7d5a3GgZXwLIRYg2PsaQK40Szt9dBaXwCxWhVFoHcsJn500WWNFeGrOO3FZzfL7XPUV9QQvlHvHgaC2CLWHbVnbtx%2BFur%2BjWtPasaYS7o%2BuMsX8hD2rmgbbtgrHk6JURo5NyDBrss0HrNCuQ%2F3Qly3ukkaK7k5hsNCvm52LLL%2BVmI7z%2BdGHnP%2FIltWXJ0Ra7E3BkwFPi96NU1u6mN7KV0ONb0Pn3RBMeqBWEqI1NKkmB%2FsP3ILhHwfTOoFU9H92A4NmBjBqQTdSp0EtXvhhOnoZE%2FoVMhDspE7CF1QFSKV6HHXspn3KFVl5kh9Fb2M3vQA%2B%2FzoGJYS6jry2ZQYAOU7UawPRjrNW7FKtVUAbPu45HA3Ww7MLfeSvU4TzYat8pPCKAWY6EmxS8DaMf0%2F68D9k6qVxM9FkH%2FsIB3%2FxWaRHAOh7H9F2zkyneFQ%2F1wFB7m4NHho%2FZ9xaaYE%2Ft1HCzTIUuZ03OXVa7OOYUqVUHTbuCuSCenuncqzR8GqawgBtyfRxLVoD0dcEnJAiijlMqV2nah5%2FpyPi2k5JRu91Zhcx5DSye6fdZkG5VSbucd52hYWOXwtPaYW8dve9pBlTpHIqmE054rSo6K2bQmeow9fIw5cZgMdwyfud6DBOkCuONRjY7kQr4LGZqHQVzkN%2B%2FhSkufnoJodA2a1XbV8Bz55j0hjMVlBAmfThkmfpVD6lUsO%2B4oxcOn61ewiuwNcwLzOsW2%2Fv6LPJByM%2FElEnQYSlN3a5UNOXN9rv%2BXRf6gfzR8erQs9sgnvTT8k%2FjDC6GJ0f7P7vZ26BJRSaZBugxDNuYsePnHfnFyEef0hjjH1UV6T25e4DyWN1uU1wKKngY9%2FQKFJRuuZmRweZyI8kKc3AljB%2FOhu60up9tzEjGs0EahR3N5Ql3NEl%2Fkqnj8wWMlY9YzskOcwdoR0fvb79rFG7Edx%2Ffv4X5Goagbo2jeMfmAAk4ZmnLOBb%2Fu3mAyj%2B3HCkkBkejZJhiaZgo7gxxR0GZBTyUlHDsWoxdSP24Fax9EFQT04%2BJntcY1B60k%2BbaMFssINXt6keLrXS0Fn3yUBGGBFLcdFn0%2Fdm2ttyvM202L%2Bc%2BA%2FSwKbhJa5dn8F9UKtXscgtuO0EtvUIAv3yaUJ29hTmNdrPEaXxe,49,,环球影业小黄人agnes艾格尼丝otto奥豆毛绒冰箱贴磁吸设计动漫,环球影业旗舰店,浙江 金华
//item.taobao.com/item.htm?priceTId=214782e017200105566366072e032b&utparam=%7B%22aplus_abtest%22%3A%22e380b65dd4001edd69ef9bf11db785db%22%7D&id=738075499829&ns=1&abbucket=3#detail,43,,POPMART泡泡玛特 新年小黄人中国行系列手办盲盒童趣玩具摆件礼物,潮玩大玩家,广东 广州
//item.taobao.com/item.htm?priceTId=214782e017200105566366072e032b&utparam=%7B%22aplus_abtest%22%3A%223ffc05370dbb774f22c0a25ef65833c1%22%7D&id=652508701238&ns=1&abbucket=3#detail,48,,LINE小黄人联名布朗毛绒玩偶公仔钥匙扣挂件行李牌大抱枕帆布袋包,ABBY正品代购,广东 深圳
//item.taobao.com/item.htm?priceTId=214782e017200105566366072e032b&utparam=%7B%22aplus_abtest%22%3A%226f17236ca4210a00f83e1750826ec20f%22%7D&id=697648419236&ns=1&abbucket=3#detail,175,,日本代购正版神偷奶爸的小黄人格鲁公仔玩偶毛绒包包挂件小挂饰,Christopher线上商店,北京
https://click.simba.taobao.com/cc_im?priceTId=214782e017200105566366072e032b&utparam=%7B%22aplus_abtest%22%3A%2236e732ad2b86b969c40fe00cf61b71c8%22%7D&p=%D0%A1%BB%C6%C8%CB%CD%E6%C5%BC&s=1972411192&k=1409&e=h6QNrnFsktX1jkR%2FThSZm8Z7%2FPyQHAkwBU0xW0Dm0I4HvNTbycXCUbVGqpPwiwSk33fySdCnXbN8ek%2FS6I9lE8bXd0AY%2B3knfvKu0rHv4OdgJ%2FooXtmHwmFMP%2Fa6b0XDeYC6Z8LN5bW7P6zmXqHBTNOiazpzI0ngoKnrQGyefzxbcfYbvMgOYwFK2vrpI5MzSaxPUygSldm0JbNhmsnOJANPY8%2FJT7%2BE%2B%2F0u5k7CzuQRzjisk%2BlwpF6pKE8poF7mQlGcgvblCerPdkol%2FUxYelmzYLP49Vx92%2But621M7uWw3ePFmqlz4Izbo%2Ft58dOyALrDHMJp1ssn1VCoOwEFFltlABCJaOBW6ZxZ4jjTmcaSRChAp0ZXKGrF%2FbIjWRk0dLnkCMteDwFljqVjNTo9sogIzKCiGlGOZvotVsk%2Bp0PwY%2FieJ0l7UCBEIjJD%2BMBgUUcPu1fwxYPYydQibS16MZrWipnNiaRcN0%2Bu%2BKE3srXfQDEVi3Q9dRRyrSdraKyGlfmXgBkOjuUAkHqlc%2BX62PRxNOexbQSzNX1lZR8HA3B4Rr2fT3b7D2Qe7AyWd8Is%2BuLStqjyyIuhtAqI1XVbWm6bAyaH7nnStPVR5Lf2Tepo5zsdrYZdXEv%2FO3Q%2BgsUCfOghX3PjiJYm75WkpD0iDNJqHlswxpQ0Vb%2BoU0abvzJjlkGEQhnadDbG8PnVLCuLY4aqK7eDbcYEWoroihKNmm7cHSW7l8JzhVtC5cXwuqTCcHfMRvLn6P8%2FvIy68%2BEucOnAJCJCttqZiUzYVvIeeI%2BBipc06cs0QFebnUb6midsfdq3DFJ99s58ZRIIspiRSmonkQsn3ICSctoZqwV5474G2WxpPZDTMTSJPB0mmBdVMHQYjyrx9PCGKwZDJPyInHphQetBc7YiDxvwcr%2BFREyVc81uAhFYcv%2FI1YgrzC4n0zZvDs%2B723%2BMfiZ6xoIFMAJcaNF6k2ryJwranp7KHDlJG5UyS9B8fj3x2uLxp5e4W9Uftm2bM7LE3sYN7LdJhARp8IT8K75Ox0YGlcfrvuo0MKAiORb5PajBfVLEH0OkSGaGQutgpmCw3xA4V989ox7z7oKmB7ea%2BdrvYZV9VtbjEFrwX3LCiaK2LGC46A1%2BzuFqxVeWGubXRWBJDmtrL%2Blbks6LvraJRsC4DUNU6VLIYcaA8Co789yynrGy%2BNhZ4gOuvNlGrdACxqjwm%2FSFRdfUEpnO1EVgsN8QOFffPSOhowRcwpedF28zlLJHxCLNiCYz%2BSuQoru0c6hA3ZPTxW3sOWILswMZLyrz3v4kq3zoIV9z44iWFOSC4nDSqNh5gMo%2FtxwpJNV9J1007i9GGrAabrSbS0%2FXMgCglJwgxJOsBeT4YJW0ZgXH53W5V2sm2HmVYRWNfnTe%2B6Y6tZNQ,108,,Funko POP小黄人玩偶玩具手办公仔周边盲盒摆件神偷奶爸4联名车载,MINDstyle旗舰店,广东 东莞
//item.taobao.com/item.htm?priceTId=214782e017200105566366072e032b&utparam=%7B%22aplus_abtest%22%3A%22410b2650ca32055c8b125ec1215f7e61%22%7D&id=680559858877&ns=1&abbucket=3#detail,16,,外贸美单小黄人毛绒玩偶 公仔挂件 minions包包挂饰 鲍勃bob凯文,九月玩具店,湖南 长沙
//item.taobao.com/item.htm?priceTId=214782e017200105566366072e032b&utparam=%7B%22aplus_abtest%22%3A%2246f6e66481b3cf088c80efcfc6f1d973%22%7D&id=688483429543&ns=1&abbucket=3#detail,60,,小黄人形影不离系列中国行盲盒手办泡泡马特POPMART手办公仔潮玩,欧巴手办盲盒,广东 广州
//item.taobao.com/item.htm?priceTId=214782e017200105566366072e032b&utparam=%7B%22aplus_abtest%22%3A%22837cae9a365eb7ebf1fbff7bd6babc04%22%7D&id=805883650010&ns=1&abbucket=3#detail,15,,香蕉抱枕娃娃可拆洗小黄人大公仔玩偶儿童演出表演道具枕一根香蕉,金色之韵1314,浙江 杭州
//item.taobao.com/item.htm?priceTId=214782e017200105566366072e032b&utparam=%7B%22aplus_abtest%22%3A%225874050c6e2816a9437984390a0dac6e%22%7D&id=786508634492&ns=1&abbucket=3#detail,35,,名创优品小黄人Bob+Tim蒂姆吐舌头毛绒挂件背带钥匙扣挂饰小熊包,扬州云仓名品优选,江苏 扬州
//detail.tmall.com/item.htm?priceTId=214782e017200105566366072e032b&utparam=%7B%22aplus_abtest%22%3A%220ed335d5de927e583573159f8593aa74%22%7D&id=599176928534&ns=1&abbucket=3,49,,日本TOMY多美卡合金人偶小公仔手办模型神偷奶爸小黄人斯图尔特,多美官方旗舰店,上海
//item.taobao.com/item.htm?priceTId=214782e017200105566366072e032b&utparam=%7B%22aplus_abtest%22%3A%22d5cd59567e4549bd6e03f8f58b1c5908%22%7D&id=728258516754&ns=1&abbucket=3#detail,29,,会说话的小黄人公仔发声玩具手办潮玩环球影城纪念品生日礼物摆件,这里有家潮玩铺子,广东 东莞
//item.taobao.com/item.htm?priceTId=214782e017200105566366072e032b&utparam=%7B%22aplus_abtest%22%3A%22c46750b24153fe3f1bda4f277509af03%22%7D&id=757653337847&ns=1&abbucket=3#detail,51,,POPMART泡泡玛特 小黄人中国行系列手办盲盒可爱潮流玩具礼物摆件,小公主盲盒商城,广东 广州
//item.taobao.com/item.htm?priceTId=214782e017200105566366072e032b&utparam=%7B%22aplus_abtest%22%3A%22ef10e4df18dcc7dc674cb72528b168dd%22%7D&id=723516365900&ns=1&abbucket=3#detail,59,,POPMART泡泡玛特 小黄人环球神偷奶爸4系列手办盲盒玩具礼物摆件,欧巴手办盲盒,广东 广州
//item.taobao.com/item.htm?priceTId=214782e017200105566366072e032b&utparam=%7B%22aplus_abtest%22%3A%22ba1d1cf7900336cbe90fbb409baaf05c%22%7D&id=737239996239&ns=1&abbucket=3#detail,18,,名创优品 X 环球影业 小黄人签名款12生肖摆件 潮玩手办人偶模型,金色坐标模玩,广西 南宁
//item.taobao.com/item.htm?priceTId=214782e017200105566366072e032b&utparam=%7B%22aplus_abtest%22%3A%22b9a2375bfbd6aa7f5db6ff3be1f7cbf4%22%7D&id=663230914152&ns=1&abbucket=3#detail,53,,小黄人变形玩具公仔鲍勃公仔凯文汽车飞机正版男女孩儿童神偷奶爸,童心园玩具自营店,江苏 盐城
//detail.tmall.com/item.htm?priceTId=214782e017200105566366072e032b&utparam=%7B%22aplus_abtest%22%3A%220f67bb8d524377794a13d56d64306898%22%7D&id=703829187845&ns=1&abbucket=3,39,,北京环球影城纪念品小黄人盲盒十二生肖公仔手办兔年摆件生日礼物,威游旗舰店,北京
//detail.tmall.com/item.htm?priceTId=214782e017200105566366072e032b&utparam=%7B%22aplus_abtest%22%3A%22eb535ec15bbcb20abdc680230082a053%22%7D&id=769974325707&ns=1&abbucket=3,79,,【直播专属】环球影业小黄人可爱花朵毛绒盆栽公仔毛绒盆栽包挂,环球影业旗舰店,浙江 金华
//item.taobao.com/item.htm?priceTId=214782e017200105566366072e032b&utparam=%7B%22aplus_abtest%22%3A%2228489f5248a6a5987555d5f0ed3c1bb6%22%7D&id=654749297433&ns=1&abbucket=3#detail,260,,北京环球影城代购神偷奶爸小黄人tim熊毛绒背包书包双肩包纪念品,菲菲环球正品代购店,北京
//item.taobao.com/item.htm?priceTId=214782e017200105566366072e032b&utparam=%7B%22aplus_abtest%22%3A%22e5dff58bf2ef2879322d766ae1fd5dcf%22%7D&id=726820808245&ns=1&abbucket=3#detail,68,,MINISO名创优品官方旗舰店官网神偷奶爸小黄人公仔儿童毛绒玩具抱,名创忧品抖音小店,江苏 南京
//item.taobao.com/item.htm?priceTId=214782e017200105566366072e032b&utparam=%7B%22aplus_abtest%22%3A%220d9709504a20a07312a9a6b0fd519e9b%22%7D&id=723813759894&ns=1&abbucket=3#detail,78,,POPMART泡泡玛特小黄人秘密基地系列确认款盲盒手办潮流玩具摆件,小公主盲盒商城,广东 广州
//item.taobao.com/item.htm?priceTId=214782e017200105566366072e032b&utparam=%7B%22aplus_abtest%22%3A%222a88acf84de999e68c59e50b013b8999%22%7D&id=802509048534&ns=1&abbucket=3#detail,21,,神偷奶爸小黄人毛绒玩具公仔儿童玩偶抱枕女孩布娃娃大号生日礼物,阴天见,河南 许昌
//item.taobao.com/item.htm?priceTId=214782e017200105566366072e032b&utparam=%7B%22aplus_abtest%22%3A%223233a38bf13397e54794281a48882bfa%22%7D&id=568685712422&ns=1&abbucket=3#detail,28,,神偷奶爸卑鄙的我Despicable Me3小黄人公仔毛绒玩具玩偶挂件礼物,淘淘屋精品玩具店,河北 石家庄
//item.taobao.com/item.htm?priceTId=214782e017200105566366072e032b&utparam=%7B%22aplus_abtest%22%3A%224ed09ed99a5bdd6be18b308f6b43afaa%22%7D&id=723591117654&ns=1&abbucket=3#detail,39,,电玩男 景品 现货 SEGA 小黄人 鲍勃 神偷奶爸 超大毛绒玩偶,电玩男の里屋,上海
//item.taobao.com/item.htm?priceTId=214782e017200105566366072e032b&utparam=%7B%22aplus_abtest%22%3A%2254542b4020a9455dfec347045c21f692%22%7D&id=756746786847&ns=1&abbucket=3#detail,1015,,小黄人手办玩具大全送男朋友的礼物套装神偷奶爸玩偶公仔车载摆件,缘百纳礼品阁,福建 泉州
//item.taobao.com/item.htm?priceTId=214782e017200105566366072e032b&utparam=%7B%22aplus_abtest%22%3A%2213a07b1dfb635362feeb7a28171f0eac%22%7D&id=37872425655&ns=1&abbucket=3#detail,28,,包邮神偷奶爸紫色小黄人公仔小紫人毛绒玩具恶魔黄豆豆,晶美乐玩具直销店,江苏 扬州
//item.taobao.com/item.htm?priceTId=214782e017200105566366072e032b&utparam=%7B%22aplus_abtest%22%3A%22d424cf83f722593ed3f4b2cbf825f225%22%7D&id=660135782511&ns=1&abbucket=3#detail,205,,北京环球影城代购小黄人Tim熊提姆公仔玩偶暖手宝暖宝宝纪念品正,小精灵北环乐园代购,北京
